2020-07-28 16:11:04.475117,-0.01,-2.82
2020-07-28 16:11:09.479244,-0.01,-1.86
2020-07-28 16:11:14.485726,0.0,0.24
2020-07-28 16:11:19.489585,0.09,20.65
2020-07-28 16:11:24.491142,0.03,7.24
2020-07-28 16:11:29.496498,0.02,5.44
2020-07-28 16:11:34.501609,0.02,3.64
2020-07-28 16:11:39.500655,-0.03,-6.2
2020-07-28 16:11:44.506102,-0.04,-9.85
2020-07-28 16:11:49.511766,-0.05,-10.58
2020-07-28 16:11:54.512734,-0.05,-10.86
2020-07-28 16:11:59.517855,-0.04,-8.76
2020-07-28 16:12:04.521036,-0.01,-2.92
2020-07-28 16:12:09.528238,0.02,4.88
2020-07-28 16:12:14.527479,-0.0,-0.89
2020-07-28 16:12:19.533655,-0.02,-3.62
2020-07-28 16:12:24.537337,-0.02,-3.46
2020-07-28 16:12:29.538245,-0.01,-2.27
2020-07-28 16:12:34.542146,0.0,0.74
2020-07-28 16:12:39.547824,0.01,1.48
2020-07-28 16:12:44.552739,0.0,1.13
2020-07-28 16:12:49.555499,-0.0,-0.64
2020-07-28 16:12:54.559839,0.07,15.92
2020-07-28 16:12:59.560182,0.07,15.95
2020-07-28 16:13:04.570103,0.07,15.47
2020-07-28 16:13:09.570610,0.07,15.59
2020-07-28 16:13:14.574547,0.07,15.33
2020-07-28 16:13:19.579782,0.06,14.85
2020-07-28 16:13:24.581827,0.06,14.62
2020-07-28 16:13:29.586433,0.08,19.38
2020-07-28 16:13:34.586110,0.13,30.67
2020-07-28 16:13:39.592818,0.16,37.79
2020-07-28 16:13:44.596829,0.18,40.27
2020-07-28 16:13:49.600173,0.17,39.89
2020-07-28 16:13:54.602245,0.15,34.63
2020-07-28 16:13:59.606624,0.13,30.21
2020-07-28 16:14:04.613720,0.15,35.14
2020-07-28 16:14:09.613056,0.32,74.49
2020-07-28 16:14:14.619433,0.32,74.55
2020-07-28 16:14:19.623102,0.17,39.04
2020-07-28 16:14:24.626225,0.13,28.9
2020-07-28 16:14:29.628882,0.12,28.54
2020-07-28 16:14:34.633764,0.12,27.91
2020-07-28 16:14:39.637977,0.12,27.13
2020-07-28 16:14:44.640776,0.11,26.29
2020-07-28 16:14:49.643755,0.12,26.49
2020-07-28 16:14:54.650809,0.11,25.58
2020-07-28 16:14:59.650842,0.11,24.25
2020-07-28 16:15:04.653501,0.11,24.74
2020-07-28 16:15:09.658913,0.11,25.43
2020-07-28 16:15:14.664322,0.11,24.66
2020-07-28 16:15:19.665257,0.11,24.57
2020-07-28 16:15:24.671842,0.1,24.01
2020-07-28 16:15:29.674084,0.1,23.88
2020-07-28 16:15:34.676952,0.1,23.27
2020-07-28 16:15:39.681786,0.1,22.99
2020-07-28 16:15:44.686799,0.1,22.98
2020-07-28 16:15:49.686765,0.1,22.95
2020-07-28 16:15:54.692527,0.1,22.44
2020-07-28 16:15:59.697581,0.1,22.15
2020-07-28 16:16:04.700577,0.1,22.16
2020-07-28 16:16:09.703841,0.1,22.02
2020-07-28 16:16:14.707107,0.09,21.38
2020-07-28 16:16:19.712180,0.09,21.81
2020-07-28 16:16:24.714552,0.09,21.72
2020-07-28 16:16:29.717129,0.1,21.9
2020-07-28 16:16:34.721889,0.1,21.92
2020-07-28 16:16:39.725281,0.1,22.65
2020-07-28 16:16:44.728986,0.1,22.1
2020-07-28 16:16:49.733802,0.1,22.12
2020-07-28 16:16:54.739089,0.1,22.29
2020-07-28 16:16:59.739022,0.1,22.48
2020-07-28 16:17:04.744778,0.1,22.1
2020-07-28 16:17:09.749965,0.1,22.08
2020-07-28 16:17:14.754247,0.09,21.51
2020-07-28 16:17:19.755104,0.09,21.48
2020-07-28 16:17:24.759483,0.09,21.78
2020-07-28 16:17:29.764922,0.09,21.47
2020-07-28 16:17:34.766844,0.09,21.61
2020-07-28 16:17:39.772777,0.09,21.48
2020-07-28 16:17:44.775712,0.09,21.77
2020-07-28 16:17:49.776064,0.1,22.05
2020-07-28 16:17:54.781758,0.1,23.04
2020-07-28 16:17:59.786717,0.1,24.14
2020-07-28 16:18:04.791922,0.11,24.41
2020-07-28 16:18:09.794235,0.11,25.97
2020-07-28 16:18:14.798169,0.11,26.13
2020-07-28 16:18:19.802898,0.12,26.92
2020-07-28 16:18:24.806179,0.12,27.25
2020-07-28 16:18:29.807857,0.12,27.93
2020-07-28 16:18:34.813805,0.13,28.8
2020-07-28 16:18:39.816685,0.13,29.22
2020-07-28 16:18:44.817599,0.13,29.3
2020-07-28 16:18:49.823636,0.13,29.43
2020-07-28 16:18:54.827402,0.13,29.63
2020-07-28 16:18:59.830059,0.13,30.06
2020-07-28 16:19:04.834591,0.13,29.32
2020-07-28 16:19:09.839167,0.12,28.27
2020-07-28 16:19:14.844009,0.12,27.92
2020-07-28 16:19:19.845591,0.12,28.07
2020-07-28 16:19:24.850222,0.12,27.19
2020-07-28 16:19:29.854624,0.11,26.19
2020-07-28 16:19:34.855114,0.11,26.43
2020-07-28 16:19:39.859963,0.12,26.61
2020-07-28 16:19:44.865899,0.12,28.75
2020-07-28 16:19:49.866984,0.13,30.13
2020-07-28 16:19:54.870927,0.12,28.53
2020-07-28 16:19:59.875830,0.1,23.85
2020-07-28 16:20:04.877325,0.1,22.19
2020-07-28 16:20:09.881797,0.09,21.71
2020-07-28 16:20:14.886577,0.1,22.69
2020-07-28 16:20:19.891436,0.11,26.04
2020-07-28 16:20:24.893796,0.11,26.45
2020-07-28 16:20:29.898037,0.11,26.05
2020-07-28 16:20:34.902789,0.11,25.35
2020-07-28 16:20:39.906507,0.11,25.9
2020-07-28 16:20:44.908371,0.12,27.34
2020-07-28 16:20:49.913381,0.12,28.68
2020-07-28 16:20:54.913893,0.13,29.15
2020-07-28 16:20:59.919462,0.12,28.53
2020-07-28 16:21:04.923053,0.12,28.61
2020-07-28 16:21:09.929723,0.12,27.32
2020-07-28 16:21:14.932900,0.12,27.79
2020-07-28 16:21:19.935029,0.13,28.88
2020-07-28 16:21:24.939962,0.13,29.0
2020-07-28 16:21:29.943626,0.12,28.33
2020-07-28 16:21:34.945291,0.12,28.23
2020-07-28 16:21:39.950391,0.13,28.97
2020-07-28 16:21:44.955277,0.12,28.16
2020-07-28 16:21:49.956280,0.11,24.98
2020-07-28 16:21:54.961700,0.1,22.16
2020-07-28 16:21:59.966488,0.1,22.07
2020-07-28 16:22:04.967950,0.1,22.52
2020-07-28 16:22:09.970942,0.1,22.14
2020-07-28 16:22:14.976981,0.11,25.48
2020-07-28 16:22:19.982004,0.1,23.53
2020-07-28 16:22:24.982793,0.1,22.45
2020-07-28 16:22:29.986600,0.1,22.29
2020-07-28 16:22:34.993971,0.1,22.82
2020-07-28 16:22:39.992419,0.11,25.91
2020-07-28 16:22:44.997999,0.13,29.33
2020-07-28 16:22:50.003020,0.12,26.85
2020-07-28 16:22:55.007663,0.1,22.13
2020-07-28 16:23:00.012696,0.11,24.84
2020-07-28 16:23:05.013598,0.12,28.63
2020-07-28 16:23:10.018675,0.11,24.53
2020-07-28 16:23:15.023093,0.1,22.14
2020-07-28 16:23:20.024342,0.11,24.65
2020-07-28 16:23:25.029157,0.12,26.55
2020-07-28 16:23:30.034700,0.1,22.2
2020-07-28 16:23:35.038765,0.1,22.7
2020-07-28 16:23:40.040374,0.1,23.66
2020-07-28 16:23:45.044854,0.11,25.85
2020-07-28 16:23:50.049113,0.12,27.63
2020-07-28 16:23:55.051725,0.13,29.14
2020-07-28 16:24:00.056447,0.13,29.81
2020-07-28 16:24:05.061009,0.13,29.68
2020-07-28 16:24:10.064911,0.11,26.06
2020-07-28 16:24:15.067184,0.1,22.78
2020-07-28 16:24:20.071451,0.1,22.32
2020-07-28 16:24:25.076348,0.1,21.91
2020-07-28 16:24:30.076951,0.1,22.83
2020-07-28 16:24:35.082471,0.1,22.57
2020-07-28 16:24:40.087649,0.1,22.52
2020-07-28 16:24:45.092635,0.11,24.21
2020-07-28 16:24:50.095028,0.11,25.14
2020-07-28 16:24:55.100033,0.12,26.51
2020-07-28 16:25:00.101778,0.13,29.83
2020-07-28 16:25:05.103031,0.13,29.18
2020-07-28 16:25:10.108647,0.13,29.44
2020-07-28 16:25:15.113811,0.12,28.67
2020-07-28 16:25:20.118787,0.12,28.27
2020-07-28 16:25:25.120796,0.12,27.94
2020-07-28 16:25:30.126650,0.11,26.38
2020-07-28 16:25:35.129173,0.12,27.08
2020-07-28 16:25:40.128946,0.12,27.28
2020-07-28 16:25:45.135009,0.12,28.15
2020-07-28 16:25:50.139712,0.12,28.35
2020-07-28 16:25:55.145445,0.12,28.36
2020-07-28 16:26:00.147539,0.13,28.79
2020-07-28 16:26:05.152473,0.12,28.58
2020-07-28 16:26:10.155907,0.13,29.42
2020-07-28 16:26:15.156270,0.13,30.42
2020-07-28 16:26:20.161735,0.13,30.12
2020-07-28 16:26:25.165986,0.13,29.1
2020-07-28 16:26:30.170000,0.12,27.69
2020-07-28 16:26:35.171772,0.11,24.82
2020-07-28 16:26:40.176701,0.1,23.96
2020-07-28 16:26:45.184381,0.1,23.23
2020-07-28 16:26:50.183054,0.11,24.46
2020-07-28 16:26:55.187867,0.11,25.14
2020-07-28 16:27:00.192700,0.11,26.0
2020-07-28 16:27:05.198111,0.12,26.85
2020-07-28 16:27:10.198217,0.12,27.93
2020-07-28 16:27:15.203153,0.12,27.93
2020-07-28 16:27:20.207310,0.12,27.29
2020-07-28 16:27:25.210072,0.11,25.88
2020-07-28 16:27:30.214327,0.11,25.34
2020-07-28 16:27:35.218703,0.11,24.37
2020-07-28 16:27:40.221328,0.11,24.51
2020-07-28 16:27:45.224869,0.1,23.94
2020-07-28 16:27:50.232411,0.12,28.34
2020-07-28 16:27:55.236707,0.13,29.01
2020-07-28 16:28:00.235569,0.13,29.08
2020-07-28 16:28:05.241782,0.13,29.78
2020-07-28 16:28:10.245430,0.13,29.88
2020-07-28 16:28:15.249055,0.13,29.61
2020-07-28 16:28:20.250750,0.13,29.9
2020-07-28 16:28:25.255933,0.13,30.37
2020-07-28 16:28:30.260532,0.13,30.32
2020-07-28 16:28:35.262351,0.13,30.08
2020-07-28 16:28:40.269535,0.13,30.21
2020-07-28 16:28:45.271774,0.13,30.14
2020-07-28 16:28:50.276430,0.13,30.03
2020-07-28 16:28:55.279267,0.13,30.47
2020-07-28 16:29:00.282795,0.13,30.19
2020-07-28 16:29:05.287391,0.13,30.28
2020-07-28 16:29:10.292221,0.12,26.86
2020-07-28 16:29:15.295049,0.09,20.29
2020-07-28 16:29:20.298186,0.07,15.39
2020-07-28 16:29:25.303635,0.05,12.41
2020-07-28 16:29:30.308845,0.14,32.6
2020-07-28 16:29:35.309514,0.24,54.69
2020-07-28 16:29:40.313784,0.24,56.21
2020-07-28 16:29:45.318035,0.24,55.74
2020-07-28 16:29:50.319766,0.24,54.91
2020-07-28 16:29:55.323879,0.24,54.26
2020-07-28 16:30:00.328773,0.24,54.12
2020-07-28 16:30:05.329823,0.24,54.31
2020-07-28 16:30:10.335680,0.23,53.98
2020-07-28 16:30:15.341189,0.23,52.56
2020-07-28 16:30:20.344022,0.16,36.55
2020-07-28 16:30:25.352481,4.5,1035.46
2020-07-28 16:30:30.352029,9.75,2241.49
2020-07-28 16:30:35.356078,9.74,2241.11
2020-07-28 16:30:40.359875,9.85,2266.1
2020-07-28 16:30:45.361772,9.84,2264.07
2020-07-28 16:30:50.365739,9.84,2263.51
2020-07-28 16:30:55.371996,9.84,2262.52
2020-07-28 16:31:00.373546,9.84,2262.23
2020-07-28 16:31:05.377937,9.83,2260.59
2020-07-28 16:31:10.381483,9.82,2258.71
2020-07-28 16:31:15.386473,9.82,2258.87
2020-07-28 16:31:20.389408,9.82,2259.1
2020-07-28 16:31:25.392831,9.81,2256.75
2020-07-28 16:31:30.398886,9.81,2255.94
2020-07-28 16:31:35.398746,9.81,2255.65
2020-07-28 16:31:40.404390,9.8,2253.86
2020-07-28 16:31:45.409094,9.79,2251.19
2020-07-28 16:31:50.413410,9.78,2250.15
2020-07-28 16:31:55.414375,9.78,2250.19
2020-07-28 16:32:00.419156,9.77,2247.9
2020-07-28 16:32:05.423024,9.76,2244.12
2020-07-28 16:32:10.428491,9.75,2242.77
2020-07-28 16:32:15.432013,9.7,2230.72
2020-07-28 16:32:20.434756,9.75,2243.03
2020-07-28 16:32:25.439720,9.86,2267.87
2020-07-28 16:32:30.440505,9.85,2266.1
2020-07-28 16:32:35.448649,9.85,2265.94
2020-07-28 16:32:40.449589,9.85,2264.91
2020-07-28 16:32:45.451136,9.85,2264.67
2020-07-28 16:32:50.455516,9.85,2265.5
2020-07-28 16:32:55.461071,9.84,2263.7
2020-07-28 16:33:00.468026,9.84,2263.22
2020-07-28 16:33:05.467914,9.83,2261.41
2020-07-28 16:33:10.472291,9.83,2261.67
2020-07-28 16:33:15.476428,9.83,2260.6
2020-07-28 16:33:20.482699,9.82,2257.89
2020-07-28 16:33:25.482644,9.82,2258.95
2020-07-28 16:33:30.487349,9.8,2254.75
2020-07-28 16:33:35.491793,9.79,2251.43
2020-07-28 16:33:40.493796,9.79,2251.97
2020-07-28 16:33:45.498227,9.79,2250.99
2020-07-28 16:33:50.502923,9.79,2250.73
2020-07-28 16:33:55.504212,9.77,2247.75
2020-07-28 16:34:00.508689,9.78,2248.89
2020-07-28 16:34:05.513805,9.77,2247.17
2020-07-28 16:34:10.518453,9.77,2246.73
2020-07-28 16:34:15.522813,9.76,2245.95
2020-07-28 16:34:20.525753,9.75,2241.86
2020-07-28 16:34:25.528847,9.74,2241.34
2020-07-28 16:34:30.533931,5.81,1336.41
2020-07-28 16:34:35.535384,0.4,91.47
2020-07-28 16:34:40.540900,0.4,92.7
2020-07-28 16:34:45.545258,0.4,92.6
2020-07-28 16:34:50.550143,0.39,90.74
2020-07-28 16:34:55.551191,0.39,90.02
2020-07-28 16:35:00.556390,0.4,91.3
2020-07-28 16:35:05.560085,0.41,95.26
2020-07-28 16:35:10.561765,0.4,92.53
2020-07-28 16:35:15.566642,0.4,91.82
2020-07-28 16:35:20.571819,0.39,89.62
2020-07-28 16:35:25.576614,0.39,89.55
2020-07-28 16:35:30.577482,0.39,89.1
2020-07-28 16:35:35.582403,0.39,88.98
2020-07-28 16:35:40.587657,0.21,47.92
2020-07-28 16:35:45.591932,0.11,26.33
2020-07-28 16:35:50.593011,0.2,45.59
2020-07-28 16:35:55.597039,0.3,68.69
2020-07-28 16:36:00.602174,0.3,69.04
2020-07-28 16:36:05.603885,0.3,68.96
2020-07-28 16:36:10.610492,0.3,69.85
2020-07-28 16:36:15.613653,0.31,70.52
2020-07-28 16:36:20.614525,0.31,70.59
2020-07-28 16:36:25.619084,0.31,70.51
2020-07-28 16:36:30.624340,0.3,69.17
2020-07-28 16:36:35.629593,0.3,69.3
2020-07-28 16:36:40.630235,0.3,69.06
2020-07-28 16:36:45.634042,0.31,70.89
2020-07-28 16:36:50.640127,0.31,70.39
2020-07-28 16:36:55.644784,0.31,70.48
2020-07-28 16:37:00.646102,0.3,69.15
2020-07-28 16:37:05.649881,0.3,68.94
2020-07-28 16:37:10.654989,0.3,69.93
2020-07-28 16:37:15.655886,0.3,68.97
2020-07-28 16:37:20.660658,7.15,1645.37
2020-07-28 16:37:25.666461,9.73,2237.87
2020-07-28 16:37:30.671175,9.76,2244.25
2020-07-28 16:37:35.672135,9.74,2240.86
2020-07-28 16:37:40.677291,9.73,2238.22
2020-07-28 16:37:45.682449,9.73,2237.59
2020-07-28 16:37:50.683021,9.73,2237.36
2020-07-28 16:37:55.687244,9.72,2235.17
2020-07-28 16:38:00.692637,9.71,2233.84
2020-07-28 16:38:05.697690,9.7,2231.91
2020-07-28 16:38:10.701281,9.7,2229.97
2020-07-28 16:38:15.702996,9.7,2230.86
2020-07-28 16:38:20.708326,9.7,2230.08
2020-07-28 16:38:25.712263,9.69,2228.87
2020-07-28 16:38:30.714778,9.68,2226.62
2020-07-28 16:38:35.720198,9.68,2226.07
2020-07-28 16:38:40.726133,9.67,2224.55
2020-07-28 16:38:45.725506,9.66,2222.9
2020-07-28 16:38:50.730882,9.66,2221.92
2020-07-28 16:38:55.735758,0.88,203.02
2020-07-28 16:39:00.739791,0.11,25.44
2020-07-28 16:39:05.739487,0.23,53.11
2020-07-28 16:39:10.745354,0.3,69.99
2020-07-28 16:39:15.751883,0.3,69.74
2020-07-28 16:39:20.756762,0.3,69.38
2020-07-28 16:39:25.755372,0.3,69.6
2020-07-28 16:39:30.760613,0.3,69.29
2020-07-28 16:39:35.764946,0.3,68.78
2020-07-28 16:39:40.767711,0.3,68.73
2020-07-28 16:39:45.773859,0.3,68.81
2020-07-28 16:39:50.776250,0.3,69.22
2020-07-28 16:39:55.778588,0.3,69.1
2020-07-28 16:40:00.783973,0.3,68.74
2020-07-28 16:40:05.787825,0.3,69.49
2020-07-28 16:40:10.792757,0.3,69.96
2020-07-28 16:40:15.792638,0.31,70.6
2020-07-28 16:40:20.798195,0.31,70.38
2020-07-28 16:40:25.804131,0.31,71.25
2020-07-28 16:40:30.807725,0.31,71.03
2020-07-28 16:40:35.808071,0.31,71.12
2020-07-28 16:40:40.813334,0.31,70.51
2020-07-28 16:40:45.817974,0.3,70.14
2020-07-28 16:40:50.823229,0.3,70.05
2020-07-28 16:40:55.829113,0.3,68.76
2020-07-28 16:41:00.829340,0.21,49.25
2020-07-28 16:41:05.834383,0.12,28.45
2020-07-28 16:41:10.838661,0.15,35.26
2020-07-28 16:41:15.840823,0.18,42.07
2020-07-28 16:41:20.844583,0.18,41.09
2020-07-28 16:41:25.849264,0.15,34.86
2020-07-28 16:41:30.850734,0.16,35.95
2020-07-28 16:41:35.855816,0.16,36.37
2020-07-28 16:41:40.861687,0.16,37.65
2020-07-28 16:41:45.865657,0.15,34.88
2020-07-28 16:41:50.867597,0.14,31.62
2020-07-28 16:41:55.871906,0.2,46.13
2020-07-28 16:42:00.877390,0.3,69.27
2020-07-28 16:42:05.881163,0.3,69.32
2020-07-28 16:42:10.883379,0.3,69.65
2020-07-28 16:42:15.889036,0.3,70.04
2020-07-28 16:42:20.892663,0.31,70.88
2020-07-28 16:42:25.898229,0.31,70.78
2020-07-28 16:42:30.898803,0.31,71.51
2020-07-28 16:42:35.901944,0.23,52.15
2020-07-28 16:42:40.907532,0.34,77.37
2020-07-28 16:42:45.909515,0.44,101.92
2020-07-28 16:42:50.915013,0.42,95.78
2020-07-28 16:42:55.918779,0.41,94.04
2020-07-28 16:43:00.922235,0.42,97.15
2020-07-28 16:43:05.925130,0.43,99.24
2020-07-28 16:43:10.929668,0.44,100.97
2020-07-28 16:43:15.935034,0.44,101.44
2020-07-28 16:43:20.939369,0.44,101.23
2020-07-28 16:43:25.939111,0.44,100.64
2020-07-28 16:43:30.946658,0.44,100.15
2020-07-28 16:43:35.950760,0.42,97.14
2020-07-28 16:43:40.950503,0.42,96.15
2020-07-28 16:43:45.958857,0.42,96.06
2020-07-28 16:43:50.960879,0.42,96.4
2020-07-28 16:43:55.965341,0.41,95.26
2020-07-28 16:44:00.966925,0.2,44.89
2020-07-28 16:44:05.970473,0.13,30.87
2020-07-28 16:44:10.975744,0.15,34.4
2020-07-28 16:44:15.976453,0.16,36.32
2020-07-28 16:44:20.981568,0.16,36.51
2020-07-28 16:44:25.986446,0.16,36.58
2020-07-28 16:44:30.992760,0.16,36.04
2020-07-28 16:44:35.993008,0.15,33.82
2020-07-28 16:44:40.996362,0.14,31.52
2020-07-28 16:44:46.003792,0.12,26.9
2020-07-28 16:44:51.006190,0.24,55.16
2020-07-28 16:44:56.007827,0.3,69.97
2020-07-28 16:45:01.013430,0.31,70.85
2020-07-28 16:45:06.017719,0.31,70.91
2020-07-28 16:45:11.021874,0.31,70.71
2020-07-28 16:45:16.023769,0.31,70.92
2020-07-28 16:45:21.028691,0.31,70.76
2020-07-28 16:45:26.034530,0.31,70.47
2020-07-28 16:45:31.034727,0.18,42.26
2020-07-28 16:45:36.038570,0.39,90.59
2020-07-28 16:45:41.044858,0.41,94.88
2020-07-28 16:45:46.047763,0.43,100.03
2020-07-28 16:45:51.049467,0.44,100.88
2020-07-28 16:45:56.056004,0.44,101.16
2020-07-28 16:46:01.061250,0.44,101.96
2020-07-28 16:46:06.064086,0.44,101.51
2020-07-28 16:46:11.066969,0.44,101.53
2020-07-28 16:46:16.071255,0.44,101.94
2020-07-28 16:46:21.075101,0.45,102.42
2020-07-28 16:46:26.079673,0.44,101.44
2020-07-28 16:46:31.081766,0.44,100.68
2020-07-28 16:46:36.086195,0.44,101.37
2020-07-28 16:46:41.090750,0.44,101.18
2020-07-28 16:46:46.096162,0.44,101.44
2020-07-28 16:46:51.097848,0.43,99.97
2020-07-28 16:46:56.103454,0.15,34.34
2020-07-28 16:47:01.106309,0.15,35.0
2020-07-28 16:47:06.111058,0.16,36.32
2020-07-28 16:47:11.112575,0.14,31.9
2020-07-28 16:47:16.117816,0.13,29.54
2020-07-28 16:47:21.121084,0.14,31.3
2020-07-28 16:47:26.125172,0.15,33.87
2020-07-28 16:47:31.127477,0.16,36.39
2020-07-28 16:47:36.133852,0.15,35.21
2020-07-28 16:47:41.137942,0.11,26.05
2020-07-28 16:47:46.139383,0.28,64.37
2020-07-28 16:47:51.146029,0.31,70.29
2020-07-28 16:47:56.150831,0.31,70.62
2020-07-28 16:48:01.153760,0.31,71.32
2020-07-28 16:48:06.155570,0.31,72.02
2020-07-28 16:48:11.158766,0.31,71.8
2020-07-28 16:48:16.165405,0.31,70.31
2020-07-28 16:48:21.168384,0.3,68.91
2020-07-28 16:48:26.170740,0.14,32.89
2020-07-28 16:48:31.175861,0.42,96.15
2020-07-28 16:48:36.179985,0.43,98.41
2020-07-28 16:48:41.183752,0.44,100.1
2020-07-28 16:48:46.187410,0.44,101.27
2020-07-28 16:48:51.190896,0.45,102.57
2020-07-28 16:48:56.196176,0.45,102.66
2020-07-28 16:49:01.198982,0.45,102.84
2020-07-28 16:49:06.202085,0.44,102.28
2020-07-28 16:49:11.205829,0.44,101.2
2020-07-28 16:49:16.212613,0.45,102.76
2020-07-28 16:49:21.211983,0.44,100.85
2020-07-28 16:49:26.218190,0.43,99.71
2020-07-28 16:49:31.222593,0.42,97.51
2020-07-28 16:49:36.226991,0.42,96.4
2020-07-28 16:49:41.227295,0.41,94.42
2020-07-28 16:49:46.232762,0.36,81.77
2020-07-28 16:49:51.236828,0.11,25.67
2020-07-28 16:49:56.242736,0.13,28.94
2020-07-28 16:50:01.243504,0.13,28.84
2020-07-28 16:50:06.248280,0.13,28.99
2020-07-28 16:50:11.252780,0.13,29.1
2020-07-28 16:50:16.254180,0.13,28.79
2020-07-28 16:50:21.259646,0.13,28.78
2020-07-28 16:50:26.267115,0.12,28.48
2020-07-28 16:50:31.268586,0.12,27.81
2020-07-28 16:50:36.270929,0.13,30.41
2020-07-28 16:50:41.275680,0.31,70.16
2020-07-28 16:50:46.280754,0.3,69.41
2020-07-28 16:50:51.284848,0.3,69.52
2020-07-28 16:50:56.287789,0.3,69.67
2020-07-28 16:51:01.291110,0.3,69.58
2020-07-28 16:51:06.295201,0.3,69.6
2020-07-28 16:51:11.302903,0.3,70.03
2020-07-28 16:51:16.300527,0.26,58.79
2020-07-28 16:51:21.307079,0.21,47.23
2020-07-28 16:51:26.310240,0.41,94.45
2020-07-28 16:51:31.315882,0.41,93.61
2020-07-28 16:51:36.318512,0.41,94.99
2020-07-28 16:51:41.321022,0.41,95.27
2020-07-28 16:51:46.329832,0.42,96.85
2020-07-28 16:51:51.328772,0.43,97.9
2020-07-28 16:51:56.333963,0.43,99.51
2020-07-28 16:52:01.336963,0.44,100.78
2020-07-28 16:52:06.342208,0.44,101.6
2020-07-28 16:52:11.345783,0.45,103.1
2020-07-28 16:52:16.349000,0.45,103.83
2020-07-28 16:52:21.354481,0.46,104.83
2020-07-28 16:52:26.357868,0.45,104.61
2020-07-28 16:52:31.360787,0.45,104.16
2020-07-28 16:52:36.364685,0.45,103.54
2020-07-28 16:52:41.369789,0.32,73.38
2020-07-28 16:52:46.373920,0.15,35.44
2020-07-28 16:52:51.376008,0.16,36.3
2020-07-28 16:52:56.381786,0.15,34.15
2020-07-28 16:53:01.384773,0.14,31.59
2020-07-28 16:53:06.390227,0.14,31.07
2020-07-28 16:53:11.394004,0.14,31.86
2020-07-28 16:53:16.394783,0.14,31.23
2020-07-28 16:53:21.399888,0.13,30.54
2020-07-28 16:53:26.405747,0.13,30.67
2020-07-28 16:53:31.407663,0.19,42.99
2020-07-28 16:53:36.409961,0.31,71.1
2020-07-28 16:53:41.415579,0.31,72.1
2020-07-28 16:53:46.420633,0.31,71.41
2020-07-28 16:53:51.420622,0.31,71.06
2020-07-28 16:53:56.426227,0.31,71.7
2020-07-28 16:54:01.431411,0.31,70.9
2020-07-28 16:54:06.432341,0.31,70.19
2020-07-28 16:54:11.437999,0.23,51.87
2020-07-28 16:54:16.442851,0.29,65.73
2020-07-28 16:54:21.446282,0.43,98.76
2020-07-28 16:54:26.449930,0.43,97.84
2020-07-28 16:54:31.453500,0.42,97.37
2020-07-28 16:54:36.461033,0.41,94.94
2020-07-28 16:54:41.462338,0.42,96.29
2020-07-28 16:54:46.464980,0.41,94.53
2020-07-28 16:54:51.467951,0.43,98.41
2020-07-28 16:54:56.473653,0.43,99.53
2020-07-28 16:55:01.478359,0.43,99.89
2020-07-28 16:55:06.480792,0.42,97.54
2020-07-28 16:55:11.483966,0.42,97.11
2020-07-28 16:55:16.488658,0.42,96.02
2020-07-28 16:55:21.489817,0.42,96.3
2020-07-28 16:55:26.494088,0.42,96.48
2020-07-28 16:55:31.499748,0.43,99.69
2020-07-28 16:55:36.504509,0.22,50.96
2020-07-28 16:55:41.504966,0.13,29.56
2020-07-28 16:55:46.510313,0.13,30.66
2020-07-28 16:55:51.515349,0.14,31.22
2020-07-28 16:55:56.520250,0.13,31.03
2020-07-28 16:56:01.522061,0.14,31.06
2020-07-28 16:56:06.525623,0.14,31.93
2020-07-28 16:56:11.532760,0.14,32.38
2020-07-28 16:56:16.535777,0.14,32.42
2020-07-28 16:56:21.536988,0.12,28.27
2020-07-28 16:56:26.541753,0.23,52.23
2020-07-28 16:56:31.547505,0.3,69.8
2020-07-28 16:56:36.548153,0.3,69.5
2020-07-28 16:56:41.552968,0.3,69.15
2020-07-28 16:56:46.556921,0.3,69.7
2020-07-28 16:56:51.562379,0.3,69.02
2020-07-28 16:56:56.562917,0.3,69.2
2020-07-28 16:57:01.568046,0.3,69.38
2020-07-28 16:57:06.574841,0.18,40.91
2020-07-28 16:57:11.573757,0.35,80.73
2020-07-28 16:57:16.579055,0.41,93.79
2020-07-28 16:57:21.583961,0.41,94.33
2020-07-28 16:57:26.589318,0.41,93.77
2020-07-28 16:57:31.593385,0.41,94.78
2020-07-28 16:57:36.594951,0.41,93.85
2020-07-28 16:57:41.599047,0.41,94.25
2020-07-28 16:57:46.602758,0.41,94.1
2020-07-28 16:57:51.604789,0.41,94.42
2020-07-28 16:57:56.610458,0.41,94.48
2020-07-28 16:58:01.615276,0.41,95.33
2020-07-28 16:58:06.614768,0.42,96.21
2020-07-28 16:58:11.619923,0.42,96.49
2020-07-28 16:58:16.625846,0.42,96.67
2020-07-28 16:58:21.629845,0.42,97.59
2020-07-28 16:58:26.634413,0.42,97.45
2020-07-28 16:58:31.637511,0.17,39.49
2020-07-28 16:58:36.641908,0.15,35.15
2020-07-28 16:58:41.646633,0.16,36.29
2020-07-28 16:58:46.646113,0.16,36.08
2020-07-28 16:58:51.651746,0.16,36.06
2020-07-28 16:58:56.655828,0.16,36.19
2020-07-28 16:59:01.662201,0.16,36.7
2020-07-28 16:59:06.666756,0.16,36.25
2020-07-28 16:59:11.668377,0.16,36.49
2020-07-28 16:59:16.673193,0.14,32.31
2020-07-28 16:59:21.678024,0.28,65.08
2020-07-28 16:59:26.682802,0.31,70.87
2020-07-28 16:59:31.683121,0.31,71.01
2020-07-28 16:59:36.687654,0.31,70.93
2020-07-28 16:59:41.692580,0.31,70.21
2020-07-28 16:59:46.696830,0.31,70.32
2020-07-28 16:59:51.699945,0.31,70.17
2020-07-28 16:59:56.704699,0.3,70.15
2020-07-28 17:00:01.704561,0.16,37.92
2020-07-28 17:00:06.709600,0.43,98.88
2020-07-28 17:00:11.715680,0.44,101.81
2020-07-28 17:00:16.719467,0.44,101.64
2020-07-28 17:00:21.721275,0.44,101.05
2020-07-28 17:00:26.724675,0.44,101.02
2020-07-28 17:00:31.729984,0.44,100.57
2020-07-28 17:00:36.736752,0.44,101.74
2020-07-28 17:00:41.739045,0.44,101.63
2020-07-28 17:00:46.741348,0.44,101.0
2020-07-28 17:00:51.744864,0.44,101.3
2020-07-28 17:00:56.750223,0.44,102.11
2020-07-28 17:01:01.758422,0.45,102.57
2020-07-28 17:01:06.757359,0.45,103.87
2020-07-28 17:01:11.760659,0.45,103.55
2020-07-28 17:01:16.764834,0.44,102.25
2020-07-28 17:01:21.767287,0.41,94.88
2020-07-28 17:01:26.772117,0.15,35.02
2020-07-28 17:01:31.776065,0.17,38.49
2020-07-28 17:01:36.778570,0.17,38.22
2020-07-28 17:01:41.782614,0.17,38.4
2020-07-28 17:01:46.787627,0.17,38.4
2020-07-28 17:01:51.793378,0.17,38.55
2020-07-28 17:01:56.792786,0.17,38.36
2020-07-28 17:02:01.797520,0.17,37.97
2020-07-28 17:02:06.804165,0.16,36.73
2020-07-28 17:02:11.808396,0.16,36.42
2020-07-28 17:02:16.809811,0.32,73.18
2020-07-28 17:02:21.814797,0.32,73.0
2020-07-28 17:02:26.818764,0.32,72.6
2020-07-28 17:02:31.819747,0.31,72.16
2020-07-28 17:02:36.824910,0.31,71.93
2020-07-28 17:02:41.829820,0.31,71.83
2020-07-28 17:02:46.835559,0.31,72.15
2020-07-28 17:02:51.836010,0.28,65.37
2020-07-28 17:02:56.840227,0.22,49.99
2020-07-28 17:03:01.846677,0.44,100.79
2020-07-28 17:03:06.849544,0.44,100.46
2020-07-28 17:03:11.851541,0.44,100.73
2020-07-28 17:03:16.857153,0.44,101.12
2020-07-28 17:03:21.862760,0.44,101.23
2020-07-28 17:03:26.864990,0.44,100.53
2020-07-28 17:03:31.867945,0.44,101.1
2020-07-28 17:03:36.870749,0.44,100.87
2020-07-28 17:03:41.878925,0.44,100.47
2020-07-28 17:03:46.881802,0.43,99.23
2020-07-28 17:03:51.882390,0.43,99.6
2020-07-28 17:03:56.886819,0.43,99.46
2020-07-28 17:04:01.891783,0.43,98.61
2020-07-28 17:04:06.893232,0.43,98.22
2020-07-28 17:04:11.897810,0.43,98.69
2020-07-28 17:04:16.904013,0.32,73.13
2020-07-28 17:04:21.909024,0.13,30.09
2020-07-28 17:04:26.911618,0.13,29.94
2020-07-28 17:04:31.912839,0.13,29.93
2020-07-28 17:04:36.918790,0.13,30.03
2020-07-28 17:04:41.923822,0.13,29.64
2020-07-28 17:04:46.925783,0.13,29.65
2020-07-28 17:04:51.930478,0.13,29.61
2020-07-28 17:04:56.934411,0.13,29.45
2020-07-28 17:05:01.938685,0.12,27.63
2020-07-28 17:05:06.941223,0.16,37.18
2020-07-28 17:05:11.945069,0.3,67.96
2020-07-28 17:05:16.950423,0.29,67.61
2020-07-28 17:05:21.954776,0.29,67.61
2020-07-28 17:05:26.955763,0.3,67.88
2020-07-28 17:05:31.960647,0.3,68.29
2020-07-28 17:05:36.965571,0.3,68.24
2020-07-28 17:05:41.970697,0.3,69.12
2020-07-28 17:05:46.972382,0.23,53.58
2020-07-28 17:05:51.976598,0.12,27.68
2020-07-28 17:05:56.982601,0.13,29.48
2020-07-28 17:06:01.982827,0.12,28.12
2020-07-28 17:06:06.986794,0.13,29.68
2020-07-28 17:06:11.991494,0.14,33.18
2020-07-28 17:06:16.995897,0.15,35.59
2020-07-28 17:06:21.997933,0.16,35.75
2020-07-28 17:06:27.004405,0.16,35.78
2020-07-28 17:06:32.006648,0.16,35.84
2020-07-28 17:06:37.013125,0.16,35.66
2020-07-28 17:06:42.012911,0.16,36.48
2020-07-28 17:06:47.020538,0.16,36.76
2020-07-28 17:06:52.025479,0.15,34.78
2020-07-28 17:06:57.028093,0.19,44.38
2020-07-28 17:07:02.028860,0.31,71.45
2020-07-28 17:07:07.034675,0.31,71.76
2020-07-28 17:07:12.038223,0.31,71.29
2020-07-28 17:07:17.043780,0.31,71.76
2020-07-28 17:07:22.045145,0.31,71.44
2020-07-28 17:07:27.049720,0.31,71.26
2020-07-28 17:07:32.053725,0.31,71.94
2020-07-28 17:07:37.055438,0.24,56.29
2020-07-28 17:07:42.059850,0.25,58.21
2020-07-28 17:07:47.064678,0.36,83.06
2020-07-28 17:07:52.067664,0.36,82.85
2020-07-28 17:07:57.070157,0.36,83.14
2020-07-28 17:08:02.075448,0.36,83.32
2020-07-28 17:08:07.080750,0.36,83.52
2020-07-28 17:08:12.084693,0.36,83.17
2020-07-28 17:08:17.086978,0.36,83.59
2020-07-28 17:08:22.091756,0.37,83.97
2020-07-28 17:08:27.095796,0.37,84.43
2020-07-28 17:08:32.100827,0.36,83.7
2020-07-28 17:08:37.102644,0.37,84.09
2020-07-28 17:08:42.107815,0.37,84.12
2020-07-28 17:08:47.112213,0.36,83.68
2020-07-28 17:08:52.113646,0.37,84.47
2020-07-28 17:08:57.118583,0.37,84.32
2020-07-28 17:09:02.123342,0.22,50.78
2020-07-28 17:09:07.128248,0.15,33.57
2020-07-28 17:09:12.129785,0.14,33.3
2020-07-28 17:09:17.133540,0.15,33.74
2020-07-28 17:09:22.137968,0.15,33.64
2020-07-28 17:09:27.139836,0.14,32.45
2020-07-28 17:09:32.145637,0.14,32.19
2020-07-28 17:09:37.149575,0.14,31.7
2020-07-28 17:09:42.154820,0.14,31.24
2020-07-28 17:09:47.161257,0.13,30.62
2020-07-28 17:09:52.166686,0.18,41.85
2020-07-28 17:09:57.166007,0.31,70.63
2020-07-28 17:10:02.169817,0.31,71.04
2020-07-28 17:10:07.170715,0.31,71.28
2020-07-28 17:10:12.175647,0.31,70.65
2020-07-28 17:10:17.180040,0.31,70.37
2020-07-28 17:10:22.186110,0.3,70.08
2020-07-28 17:10:27.189280,0.3,69.76
2020-07-28 17:10:32.190611,0.23,51.98
2020-07-28 17:10:37.196615,0.25,57.91
2020-07-28 17:10:42.200574,0.35,80.6
2020-07-28 17:10:47.205014,0.35,81.0
2020-07-28 17:10:52.207375,0.35,81.28
2020-07-28 17:10:57.211182,0.35,81.15
2020-07-28 17:11:02.215826,0.35,81.25
2020-07-28 17:11:07.217535,0.35,80.86
2020-07-28 17:11:12.221755,0.35,80.87
2020-07-28 17:11:17.226577,0.35,80.69
2020-07-28 17:11:22.231759,0.35,80.7
2020-07-28 17:11:27.232773,0.35,80.88
2020-07-28 17:11:32.239547,0.35,80.8
2020-07-28 17:11:37.242439,0.35,80.76
2020-07-28 17:11:42.248191,0.35,81.16
2020-07-28 17:11:47.249211,0.35,80.63
2020-07-28 17:11:52.253866,0.35,80.73
2020-07-28 17:11:57.259624,0.2,45.13
2020-07-28 17:12:02.262975,0.12,28.73
2020-07-28 17:12:07.264579,0.13,29.95
2020-07-28 17:12:12.271184,0.13,30.12
2020-07-28 17:12:17.273787,0.13,30.38
2020-07-28 17:12:22.274279,0.13,30.36
2020-07-28 17:12:27.279645,0.13,30.39
2020-07-28 17:12:32.285716,0.13,30.72
2020-07-28 17:12:37.289115,0.13,30.69
2020-07-28 17:12:42.292250,0.11,25.98
2020-07-28 17:12:47.295234,0.22,51.22
2020-07-28 17:12:52.301773,0.3,69.97
2020-07-28 17:12:57.306737,0.31,70.25
2020-07-28 17:13:02.307229,0.3,70.07
2020-07-28 17:13:07.311757,0.3,70.01
2020-07-28 17:13:12.316430,0.3,69.99
2020-07-28 17:13:17.320509,0.3,69.94
2020-07-28 17:13:22.323146,0.31,70.19
2020-07-28 17:13:27.329098,0.18,41.84
2020-07-28 17:13:32.331334,0.28,64.78
2020-07-28 17:13:37.335970,0.35,80.36
2020-07-28 17:13:42.338008,0.35,81.21
2020-07-28 17:13:47.341740,0.36,81.8
2020-07-28 17:13:52.346510,0.35,80.61
2020-07-28 17:13:57.349628,0.35,80.72
2020-07-28 17:14:02.353411,0.35,80.93
2020-07-28 17:14:07.357835,0.35,80.97
2020-07-28 17:14:12.361756,0.35,81.16
2020-07-28 17:14:17.365729,0.35,81.64
2020-07-28 17:14:22.368706,0.36,81.98
2020-07-28 17:14:27.375135,0.35,81.56
2020-07-28 17:14:32.379585,0.36,82.3
2020-07-28 17:14:37.380186,0.36,82.3
2020-07-28 17:14:42.384786,0.36,83.32
2020-07-28 17:14:47.389691,0.36,83.8
2020-07-28 17:14:52.393595,0.17,38.45
2020-07-28 17:14:57.396557,0.15,35.25
2020-07-28 17:15:02.400422,0.16,36.29
2020-07-28 17:15:07.405346,0.16,36.7
2020-07-28 17:15:12.406192,0.16,36.44
2020-07-28 17:15:17.411560,0.16,36.75
2020-07-28 17:15:22.416089,0.16,37.21
2020-07-28 17:15:27.420750,0.16,37.13
2020-07-28 17:15:32.422869,0.16,36.89
2020-07-28 17:15:37.427694,0.14,31.31
2020-07-28 17:15:42.433583,0.28,64.4
2020-07-28 17:15:47.436014,0.32,73.38
2020-07-28 17:15:52.436404,0.32,72.93
2020-07-28 17:15:57.442630,0.31,72.39
2020-07-28 17:16:02.446274,0.31,72.23
2020-07-28 17:16:07.451193,0.32,74.27
2020-07-28 17:16:12.454172,0.33,75.52
2020-07-28 17:16:17.457263,0.33,75.7
2020-07-28 17:16:22.464004,0.17,39.73
2020-07-28 17:16:27.467193,0.36,83.47
2020-07-28 17:16:32.469407,0.36,83.73
2020-07-28 17:16:37.473376,0.37,84.44
2020-07-28 17:16:42.478032,0.37,84.35
2020-07-28 17:16:47.483568,0.36,83.9
2020-07-28 17:16:52.488561,0.37,84.7
2020-07-28 17:16:57.489741,0.37,84.39
2020-07-28 17:17:02.494279,0.37,84.1
2020-07-28 17:17:07.499689,0.37,85.26
2020-07-28 17:17:12.500335,0.37,85.01
2020-07-28 17:17:17.508259,0.37,84.89
2020-07-28 17:17:22.510952,0.37,84.84
2020-07-28 17:17:27.515401,0.37,84.61
2020-07-28 17:17:32.515440,0.37,84.48
2020-07-28 17:17:37.520454,0.37,84.33
2020-07-28 17:17:42.525389,0.34,78.16
2020-07-28 17:17:47.525409,0.14,31.93
2020-07-28 17:17:52.530749,0.15,33.99
2020-07-28 17:17:57.535858,0.15,33.75
2020-07-28 17:18:02.540326,0.15,33.67
2020-07-28 17:18:07.542776,0.15,33.51
2020-07-28 17:18:12.547651,0.14,33.29
2020-07-28 17:18:17.551475,0.14,33.11
2020-07-28 17:18:22.558396,0.14,32.96
2020-07-28 17:18:27.561375,0.14,32.04
2020-07-28 17:18:32.562780,0.14,31.41
2020-07-28 17:18:37.566479,0.31,71.66
2020-07-28 17:18:42.571117,0.31,71.88
2020-07-28 17:18:47.573184,0.31,71.65
2020-07-28 17:18:52.577869,0.31,70.97
2020-07-28 17:18:57.583032,0.31,70.98
2020-07-28 17:19:02.587127,0.31,71.47
2020-07-28 17:19:07.589155,0.31,70.74
2020-07-28 17:19:12.593966,0.28,64.91
2020-07-28 17:19:17.597823,0.18,41.04
2020-07-28 17:19:22.599702,0.36,82.68
2020-07-28 17:19:27.604413,0.36,82.86
2020-07-28 17:19:32.609084,0.36,83.08
2020-07-28 17:19:37.614465,0.36,82.47
2020-07-28 17:19:42.615087,0.36,83.16
2020-07-28 17:19:47.620026,0.36,83.05
2020-07-28 17:19:52.625328,0.36,83.46
2020-07-28 17:19:57.633419,0.36,83.24
2020-07-28 17:20:02.635788,0.36,83.26
2020-07-28 17:20:07.635903,0.36,82.84
2020-07-28 17:20:12.640720,0.36,83.05
2020-07-28 17:20:17.645529,0.36,82.56
2020-07-28 17:20:22.646207,0.36,82.46
2020-07-28 17:20:27.651770,0.36,82.32
2020-07-28 17:20:32.656870,0.36,82.03
2020-07-28 17:20:37.660535,0.27,63.09
2020-07-28 17:20:42.663151,0.13,28.86
2020-07-28 17:20:47.666773,0.13,29.44
2020-07-28 17:20:52.672275,0.13,29.5
2020-07-28 17:20:57.676004,0.13,29.72
2020-07-28 17:21:02.680884,0.13,29.74
2020-07-28 17:21:07.682534,0.13,29.66
2020-07-28 17:21:12.688798,0.13,29.66
2020-07-28 17:21:17.688393,0.13,29.64
2020-07-28 17:21:22.694555,0.12,28.66
2020-07-28 17:21:27.697638,0.16,37.46
2020-07-28 17:21:32.704780,0.31,70.43
2020-07-28 17:21:37.708859,0.31,70.44
2020-07-28 17:21:42.708795,0.31,70.75
2020-07-28 17:21:47.714086,0.3,69.92
2020-07-28 17:21:52.718684,0.3,70.09
2020-07-28 17:21:57.723285,0.31,70.7
2020-07-28 17:22:02.725025,0.3,70.0
2020-07-28 17:22:07.729161,0.23,53.55
2020-07-28 17:22:12.734968,0.21,49.22
2020-07-28 17:22:17.738310,0.35,81.4
2020-07-28 17:22:22.739561,0.35,80.84
2020-07-28 17:22:27.745405,0.36,81.8
2020-07-28 17:22:32.751989,0.36,81.97
2020-07-28 17:22:37.754447,0.36,81.84
2020-07-28 17:22:42.756752,0.36,82.04
2020-07-28 17:22:47.762047,0.36,82.16
2020-07-28 17:22:52.765770,0.36,82.03
2020-07-28 17:22:57.773921,0.35,81.53
2020-07-28 17:23:02.772666,0.36,82.26
2020-07-28 17:23:07.776706,0.36,81.83
2020-07-28 17:23:12.782751,0.36,82.62
2020-07-28 17:23:17.782599,0.36,82.76
2020-07-28 17:23:22.787303,0.36,81.94
2020-07-28 17:23:27.791783,0.36,82.54
2020-07-28 17:23:32.798163,0.22,49.78
2020-07-28 17:23:37.797105,0.12,28.63
2020-07-28 17:23:42.802962,0.13,29.66
2020-07-28 17:23:47.808964,0.13,29.87
2020-07-28 17:23:52.812925,0.13,29.96
2020-07-28 17:23:57.817283,0.13,29.25
2020-07-28 17:24:02.819292,0.13,29.13
2020-07-28 17:24:07.824162,0.13,29.58
2020-07-28 17:24:12.828210,0.13,29.6
2020-07-28 17:24:17.829567,0.11,26.2
2020-07-28 17:24:22.835342,0.2,46.84
2020-07-28 17:24:27.840955,0.31,70.59
2020-07-28 17:24:32.844698,0.3,69.88
2020-07-28 17:24:37.846044,0.3,70.08
2020-07-28 17:24:42.850989,0.3,69.65
2020-07-28 17:24:47.854909,0.3,69.69
2020-07-28 17:24:52.854787,0.31,70.21
2020-07-28 17:24:57.861178,0.3,69.75
2020-07-28 17:25:02.865781,0.19,44.06
2020-07-28 17:25:07.870701,0.28,64.82
2020-07-28 17:25:12.872975,0.35,80.67
2020-07-28 17:25:17.876369,0.35,80.91
2020-07-28 17:25:22.880764,0.35,80.93
2020-07-28 17:25:27.887216,0.35,81.42
2020-07-28 17:25:32.891643,0.35,81.23
2020-07-28 17:25:37.895061,0.35,81.46
2020-07-28 17:25:42.897951,0.35,81.21
2020-07-28 17:25:47.902780,0.35,81.62
2020-07-28 17:25:52.903787,0.35,81.2
2020-07-28 17:25:57.908825,0.35,81.5
2020-07-28 17:26:02.913686,0.36,81.84
2020-07-28 17:26:07.917500,0.35,81.51
2020-07-28 17:26:12.919388,0.35,81.56
2020-07-28 17:26:17.924327,0.36,81.83
2020-07-28 17:26:22.928844,0.35,81.15
2020-07-28 17:26:27.934089,0.17,38.3
2020-07-28 17:26:32.934943,0.13,30.37
2020-07-28 17:26:37.939248,0.13,31.01
2020-07-28 17:26:42.944784,0.14,31.43
2020-07-28 17:26:47.946063,0.13,31.04
2020-07-28 17:26:52.950704,0.14,31.1
2020-07-28 17:26:57.955279,0.14,31.14
2020-07-28 17:27:02.959553,0.14,31.67
2020-07-28 17:27:07.963525,0.13,30.99
2020-07-28 17:27:12.965739,0.11,25.4
2020-07-28 17:27:17.971297,0.25,56.81
2020-07-28 17:27:22.976830,0.31,70.16
2020-07-28 17:27:27.976826,0.31,70.43
2020-07-28 17:27:32.980835,0.31,70.86
2020-07-28 17:27:37.986192,0.31,70.2
2020-07-28 17:27:42.992388,0.31,70.3
2020-07-28 17:27:47.992274,0.31,70.73
2020-07-28 17:27:52.996371,0.3,70.11
2020-07-28 17:27:58.001098,0.15,34.68
2020-07-28 17:28:03.005497,0.34,77.43
2020-07-28 17:28:08.008387,0.35,80.57
2020-07-28 17:28:13.014799,0.35,81.32
2020-07-28 17:28:18.019653,0.35,81.11
2020-07-28 17:28:23.021779,0.35,81.11
2020-07-28 17:28:28.023890,0.35,81.2
2020-07-28 17:28:33.028996,0.35,81.26
2020-07-28 17:28:38.033003,0.35,81.15
2020-07-28 17:28:43.037829,0.35,80.92
2020-07-28 17:28:48.040708,0.35,81.41
2020-07-28 17:28:53.043975,0.35,80.79
2020-07-28 17:28:58.049528,0.35,80.33
2020-07-28 17:29:03.052452,0.35,80.55
2020-07-28 17:29:08.054174,0.35,80.43
2020-07-28 17:29:13.060315,0.35,81.06
2020-07-28 17:29:18.063084,0.34,78.87
2020-07-28 17:29:23.065100,0.12,27.19
2020-07-28 17:29:28.071914,0.13,30.42
2020-07-28 17:29:33.074560,0.13,30.36
2020-07-28 17:29:38.078944,0.14,31.11
2020-07-28 17:29:43.081750,0.14,31.28
2020-07-28 17:29:48.087855,0.13,31.0
2020-07-28 17:29:53.092848,0.13,30.88
2020-07-28 17:29:58.093664,0.13,30.81
2020-07-28 17:30:03.097130,0.13,30.0
2020-07-28 17:30:08.101813,0.11,25.63
2020-07-28 17:30:13.107276,0.3,68.68
2020-07-28 17:30:18.114902,0.3,69.88
2020-07-28 17:30:23.112182,0.3,69.29
2020-07-28 17:30:28.117948,0.3,69.59
2020-07-28 17:30:33.121953,0.3,69.17
2020-07-28 17:30:38.122618,0.3,69.13
2020-07-28 17:30:43.126740,0.3,69.71
2020-07-28 17:30:48.132520,0.3,69.94
2020-07-28 17:30:53.137049,0.3,70.04
2020-07-28 17:30:58.139452,0.3,69.68
2020-07-28 17:31:03.144825,0.3,69.79
2020-07-28 17:31:08.148205,0.3,69.92
2020-07-28 17:31:13.148666,0.3,70.04
2020-07-28 17:31:18.155139,0.3,70.04
2020-07-28 17:31:23.159895,0.31,70.34
2020-07-28 17:31:28.164991,0.29,67.54
2020-07-28 17:31:33.165830,0.11,26.26
2020-07-28 17:31:38.171775,0.11,26.24
2020-07-28 17:31:43.174913,0.11,25.54
2020-07-28 17:31:48.179714,0.14,32.54
2020-07-28 17:31:53.180754,0.32,73.99
2020-07-28 17:31:58.184957,0.32,73.98
2020-07-28 17:32:03.190642,0.32,74.27
2020-07-28 17:32:08.193061,0.32,74.06
2020-07-28 17:32:13.196835,0.32,74.28
2020-07-28 17:32:18.201773,0.32,73.98
2020-07-28 17:32:23.205156,0.32,74.37
2020-07-28 17:32:28.207870,0.32,74.13
2020-07-28 17:32:33.213431,0.32,74.24
2020-07-28 17:32:38.217162,0.32,74.18
2020-07-28 17:32:43.218571,0.32,74.16
2020-07-28 17:32:48.222782,0.32,73.78
2020-07-28 17:32:53.228484,0.32,73.93
2020-07-28 17:32:58.232778,0.32,73.9
2020-07-28 17:33:03.237322,0.32,73.83
2020-07-28 17:33:08.238992,0.26,60.55
2020-07-28 17:33:13.244142,0.12,27.22
2020-07-28 17:33:18.248134,0.13,30.06
2020-07-28 17:33:23.248682,0.13,30.25
2020-07-28 17:33:28.253394,0.13,30.46
2020-07-28 17:33:33.258601,0.13,30.08
2020-07-28 17:33:38.260010,0.13,29.79
2020-07-28 17:33:43.264399,0.13,30.02
2020-07-28 17:33:48.269264,0.13,30.25
2020-07-28 17:33:53.273492,0.12,27.95
2020-07-28 17:33:58.278940,0.15,34.14
2020-07-28 17:34:03.279502,0.31,71.22
2020-07-28 17:34:08.285244,0.31,70.56
2020-07-28 17:34:13.291109,0.31,70.34
2020-07-28 17:34:18.290896,0.3,70.05
2020-07-28 17:34:23.295170,0.3,69.81
2020-07-28 17:34:28.301081,0.3,69.83
2020-07-28 17:34:33.305773,0.3,69.74
2020-07-28 17:34:38.310378,0.24,56.2
2020-07-28 17:34:43.311298,0.2,45.63
2020-07-28 17:34:48.316386,0.32,73.65
2020-07-28 17:34:53.320385,0.32,73.03
2020-07-28 17:34:58.325277,0.32,73.57
2020-07-28 17:35:03.327868,0.32,73.71
2020-07-28 17:35:08.332790,0.32,74.3
2020-07-28 17:35:13.336665,0.32,73.44
2020-07-28 17:35:18.337782,0.32,73.59
2020-07-28 17:35:23.343773,0.32,74.38
2020-07-28 17:35:28.348152,0.32,74.2
2020-07-28 17:35:33.348582,0.32,73.62
2020-07-28 17:35:38.353148,0.32,74.75
2020-07-28 17:35:43.358487,0.33,74.95
2020-07-28 17:35:48.364438,0.33,75.15
2020-07-28 17:35:53.365900,0.33,75.39
2020-07-28 17:35:58.369224,0.32,74.6
2020-07-28 17:36:03.374181,0.22,49.76
2020-07-28 17:36:08.378793,0.13,28.99
2020-07-28 17:36:13.379523,0.14,31.17
2020-07-28 17:36:18.385100,0.13,31.01
2020-07-28 17:36:23.390748,0.13,30.94
2020-07-28 17:36:28.394126,0.13,31.03
2020-07-28 17:36:33.395270,0.13,30.55
2020-07-28 17:36:38.402223,0.13,31.03
2020-07-28 17:36:43.405419,0.14,31.14
2020-07-28 17:36:48.405814,0.12,27.82
2020-07-28 17:36:53.412005,0.2,45.27
2020-07-28 17:36:58.416488,0.31,70.78
2020-07-28 17:37:03.420395,0.31,70.75
2020-07-28 17:37:08.421759,0.31,70.66
2020-07-28 17:37:13.428837,0.31,71.02
2020-07-28 17:37:18.432198,0.31,70.65
2020-07-28 17:37:23.435731,0.31,70.74
2020-07-28 17:37:28.437900,0.31,71.67
2020-07-28 17:37:33.441925,0.21,48.59
2020-07-28 17:37:38.448026,0.25,57.61
2020-07-28 17:37:43.451156,0.32,74.22
2020-07-28 17:37:48.453527,0.32,73.77
2020-07-28 17:37:53.458160,0.32,74.66
2020-07-28 17:37:58.462027,0.32,74.5
2020-07-28 17:38:03.462973,0.33,74.83
2020-07-28 17:38:08.468598,0.33,75.16
2020-07-28 17:38:13.473861,0.32,74.73
2020-07-28 17:38:18.478528,0.33,75.07
2020-07-28 17:38:23.479299,0.33,75.25
2020-07-28 17:38:28.486279,0.33,75.69
2020-07-28 17:38:33.489731,0.33,75.33
2020-07-28 17:38:38.490384,0.33,75.35
2020-07-28 17:38:43.495109,0.33,75.43
2020-07-28 17:38:48.499919,0.33,74.94
2020-07-28 17:38:53.505710,0.33,75.05
2020-07-28 17:38:58.509635,0.17,39.34
2020-07-28 17:39:03.510479,0.13,30.07
2020-07-28 17:39:08.515816,0.14,31.65
2020-07-28 17:39:13.519999,0.14,32.17
2020-07-28 17:39:18.521333,0.14,31.75
2020-07-28 17:39:23.526670,0.14,32.46
2020-07-28 17:39:28.531007,0.14,32.65
2020-07-28 17:39:33.536343,0.14,32.44
2020-07-28 17:39:38.537677,0.14,32.81
2020-07-28 17:39:43.542014,0.12,27.4
2020-07-28 17:39:48.547351,0.25,58.16
2020-07-28 17:39:53.551686,0.31,72.42
2020-07-28 17:39:58.556397,0.31,71.87
2020-07-28 17:40:03.558832,0.31,71.99
2020-07-28 17:40:08.563785,0.31,72.03
2020-07-28 17:40:13.567135,0.31,71.76
2020-07-28 17:40:18.570321,0.31,71.89
2020-07-28 17:40:23.575975,0.31,71.89
2020-07-28 17:40:28.578948,0.17,38.67
2020-07-28 17:40:33.584351,0.3,68.79
2020-07-28 17:40:38.585916,0.33,75.23
2020-07-28 17:40:43.590113,0.33,75.4
2020-07-28 17:40:48.594999,0.33,76.09
2020-07-28 17:40:53.599978,0.33,76.2
2020-07-28 17:40:58.603822,0.33,76.25
2020-07-28 17:41:03.605755,0.33,75.63
2020-07-28 17:41:08.610697,0.33,76.03
2020-07-28 17:41:13.615595,0.33,75.19
2020-07-28 17:41:18.614854,0.33,75.14
2020-07-28 17:41:23.619845,0.33,75.52
2020-07-28 17:41:28.627335,0.33,75.27
2020-07-28 17:41:33.629466,0.33,75.28
2020-07-28 17:41:38.631670,0.33,75.93
2020-07-28 17:41:43.637174,0.33,76.28
2020-07-28 17:41:48.640708,0.33,77.04
2020-07-28 17:41:53.642297,0.13,29.8
2020-07-28 17:41:58.647776,0.14,32.63
2020-07-28 17:42:03.652225,0.15,33.74
2020-07-28 17:42:08.658108,0.15,33.39
2020-07-28 17:42:13.657788,0.15,33.52
2020-07-28 17:42:18.662218,0.14,33.19
2020-07-28 17:42:23.667550,0.15,33.45
2020-07-28 17:42:28.672037,0.15,33.83
2020-07-28 17:42:33.676089,0.15,33.78
2020-07-28 17:42:38.677854,0.12,26.73
2020-07-28 17:42:43.682539,0.29,67.17
2020-07-28 17:42:48.687303,0.32,72.79
2020-07-28 17:42:53.688310,0.31,72.27
2020-07-28 17:42:58.693753,0.31,72.28
2020-07-28 17:43:03.698590,0.31,72.05
2020-07-28 17:43:08.702703,0.31,72.1
2020-07-28 17:43:13.704822,0.31,71.59
2020-07-28 17:43:18.710997,0.31,71.69
2020-07-28 17:43:23.714217,0.15,34.42
2020-07-28 17:43:28.717833,0.33,75.19
2020-07-28 17:43:33.719405,0.33,74.85
2020-07-28 17:43:38.726262,0.33,74.95
2020-07-28 17:43:43.730956,0.33,75.24
2020-07-28 17:43:48.730954,0.33,75.42
2020-07-28 17:43:53.737314,0.33,75.68
2020-07-28 17:43:58.739631,0.33,75.6
2020-07-28 17:44:03.746246,0.33,75.56
2020-07-28 17:44:08.746611,0.33,75.14
2020-07-28 17:44:13.752981,0.33,75.44
2020-07-28 17:44:18.757837,0.33,75.4
2020-07-28 17:44:23.760972,0.33,75.09
2020-07-28 17:44:28.762306,0.33,75.4
2020-07-28 17:44:33.767013,0.33,75.16
2020-07-28 17:44:38.771082,0.33,75.45
2020-07-28 17:44:43.775738,0.29,66.21
2020-07-28 17:44:48.777979,0.12,28.24
2020-07-28 17:44:53.781704,0.15,33.74
2020-07-28 17:44:58.787089,0.15,33.9
2020-07-28 17:45:03.788781,0.15,34.34
2020-07-28 17:45:08.792790,0.15,34.67
2020-07-28 17:45:13.798007,0.15,34.58
2020-07-28 17:45:18.804496,0.15,34.58
2020-07-28 17:45:23.804034,0.15,34.55
2020-07-28 17:45:28.808693,0.15,34.04
2020-07-28 17:45:33.815241,0.12,27.51
2020-07-28 17:45:38.817975,0.29,67.74
2020-07-28 17:45:43.822791,0.32,72.66
2020-07-28 17:45:48.824471,0.32,72.93
2020-07-28 17:45:53.829087,0.32,72.54
2020-07-28 17:45:58.835550,0.32,72.87
2020-07-28 17:46:03.842455,0.32,72.88
2020-07-28 17:46:08.839380,0.31,72.43
2020-07-28 17:46:13.846827,0.31,71.58
2020-07-28 17:46:18.850978,0.16,36.37
2020-07-28 17:46:23.854683,0.33,75.33
2020-07-28 17:46:28.856763,0.33,75.38
2020-07-28 17:46:33.861546,0.33,75.12
2020-07-28 17:46:38.865226,0.32,74.53
2020-07-28 17:46:43.869754,0.33,75.0
2020-07-28 17:46:48.872136,0.33,75.45
2020-07-28 17:46:53.875351,0.33,74.98
2020-07-28 17:46:58.880714,0.33,75.29
2020-07-28 17:47:03.881941,0.33,75.86
2020-07-28 17:47:08.886595,0.33,75.23
2020-07-28 17:47:13.892389,0.33,75.41
2020-07-28 17:47:18.896288,0.33,75.22
2020-07-28 17:47:23.897857,0.33,75.21
2020-07-28 17:47:28.902643,0.33,75.42
2020-07-28 17:47:33.907832,0.33,75.76
2020-07-28 17:47:38.912318,0.28,64.79
2020-07-28 17:47:43.913734,0.13,30.57
2020-07-28 17:47:48.918042,0.15,35.29
2020-07-28 17:47:53.923508,0.15,35.04
2020-07-28 17:47:58.927739,0.15,35.1
2020-07-28 17:48:03.932678,0.16,35.75
2020-07-28 17:48:08.934477,0.15,35.24
2020-07-28 17:48:13.938739,0.15,35.41
2020-07-28 17:48:18.943924,0.15,35.16
2020-07-28 17:48:23.945905,0.14,33.05
2020-07-28 17:48:28.949747,0.16,35.81
2020-07-28 17:48:33.955136,0.31,71.88
2020-07-28 17:48:38.958034,0.31,71.35
2020-07-28 17:48:43.959577,0.31,71.89
2020-07-28 17:48:48.964780,0.31,72.19
2020-07-28 17:48:53.969821,0.31,71.29
2020-07-28 17:48:58.974728,0.31,71.74
2020-07-28 17:49:03.977765,0.31,71.83
2020-07-28 17:49:08.982033,0.27,61.45
2020-07-28 17:49:13.985942,0.21,47.65
2020-07-28 17:49:18.986055,0.33,75.29
2020-07-28 17:49:23.991627,0.33,75.94
2020-07-28 17:49:28.995963,0.33,76.18
2020-07-28 17:49:34.000577,0.33,76.09
2020-07-28 17:49:39.005466,0.33,76.54
2020-07-28 17:49:44.006900,0.33,77.03
2020-07-28 17:49:49.014027,0.33,76.38
2020-07-28 17:49:54.016924,0.33,76.66
2020-07-28 17:49:59.022075,0.33,76.11
2020-07-28 17:50:04.023408,0.33,75.86
2020-07-28 17:50:09.027737,0.33,75.67
2020-07-28 17:50:14.032462,0.33,75.52
2020-07-28 17:50:19.036230,0.33,75.07
2020-07-28 17:50:24.037992,0.33,75.27
2020-07-28 17:50:29.043181,0.33,75.58
2020-07-28 17:50:34.049243,0.24,54.07
2020-07-28 17:50:39.049501,0.14,32.63
2020-07-28 17:50:44.053850,0.16,35.98
2020-07-28 17:50:49.058665,0.16,36.09
2020-07-28 17:50:54.063670,0.16,35.86
2020-07-28 17:50:59.064048,0.16,35.83
2020-07-28 17:51:04.069854,0.16,35.85
2020-07-28 17:51:09.075167,0.16,36.09
2020-07-28 17:51:14.079792,0.16,35.79
2020-07-28 17:51:19.080074,0.15,33.57
2020-07-28 17:51:24.086275,0.21,47.19
2020-07-28 17:51:29.089592,0.32,73.1
2020-07-28 17:51:34.095642,0.32,73.05
2020-07-28 17:51:39.100177,0.32,73.63
2020-07-28 17:51:44.100968,0.32,72.75
2020-07-28 17:51:49.106984,0.32,72.61
2020-07-28 17:51:54.110807,0.32,72.61
2020-07-28 17:51:59.116201,0.32,72.76
2020-07-28 17:52:04.116613,0.23,53.68
2020-07-28 17:52:09.122256,0.25,58.42
2020-07-28 17:52:14.126355,0.33,76.22
2020-07-28 17:52:19.131356,0.33,76.09
2020-07-28 17:52:24.137187,0.33,75.94
2020-07-28 17:52:29.137529,0.33,75.47
2020-07-28 17:52:34.142781,0.33,75.03
2020-07-28 17:52:39.146646,0.33,75.91
2020-07-28 17:52:44.147054,0.33,76.6
2020-07-28 17:52:49.153687,0.33,76.45
2020-07-28 17:52:54.157697,0.33,76.99
2020-07-28 17:52:59.163407,0.33,76.79
2020-07-28 17:53:04.163688,0.33,77.04
2020-07-28 17:53:09.167887,0.33,76.56
2020-07-28 17:53:14.172745,0.33,76.84
2020-07-28 17:53:19.178791,0.33,76.97
2020-07-28 17:53:24.179778,0.34,77.15
2020-07-28 17:53:29.184126,0.2,46.37
2020-07-28 17:53:34.190505,0.16,36.54
2020-07-28 17:53:39.193274,0.17,37.96
2020-07-28 17:53:44.196130,0.16,37.76
2020-07-28 17:53:49.200604,0.16,37.44
2020-07-28 17:53:54.204776,0.16,37.59
2020-07-28 17:53:59.208790,0.16,37.53
2020-07-28 17:54:04.210412,0.16,36.96
2020-07-28 17:54:09.214990,0.16,36.66
2020-07-28 17:54:14.220476,0.14,32.2
2020-07-28 17:54:19.224697,0.25,56.69
2020-07-28 17:54:24.229538,0.32,72.64
2020-07-28 17:54:29.230750,0.32,72.92
2020-07-28 17:54:34.236758,0.31,72.38
2020-07-28 17:54:39.241759,0.32,72.97
2020-07-28 17:54:44.241275,0.31,71.59
2020-07-28 17:54:49.245783,0.31,72.18
2020-07-28 17:54:54.251351,0.31,71.68
2020-07-28 17:54:59.256672,0.31,71.45
2020-07-28 17:55:04.256495,0.31,71.79
2020-07-28 17:55:09.261813,0.31,72.25
2020-07-28 17:55:14.268222,0.31,71.75
2020-07-28 17:55:19.271633,0.31,71.82
2020-07-28 17:55:24.273031,0.31,71.83
2020-07-28 17:55:29.278794,0.31,71.7
2020-07-28 17:55:34.282785,0.31,72.18
2020-07-28 17:55:39.286927,0.18,41.39
2020-07-28 17:55:44.289852,0.13,29.69
2020-07-28 17:55:49.293754,0.12,27.7
2020-07-28 17:55:54.298704,0.13,29.52
2020-07-28 17:55:59.303779,0.27,61.6
2020-07-28 17:56:04.304543,0.3,68.8
2020-07-28 17:56:09.309226,0.3,69.01
2020-07-28 17:56:14.313978,0.3,69.24
2020-07-28 17:56:19.319656,0.3,69.16
2020-07-28 17:56:24.321873,0.3,69.0
2020-07-28 17:56:29.324692,0.3,68.76
2020-07-28 17:56:34.331001,0.3,68.82
2020-07-28 17:56:39.335402,0.3,69.0
2020-07-28 17:56:44.337070,0.31,70.2
2020-07-28 17:56:49.343286,0.31,72.1
2020-07-28 17:56:54.347781,0.31,71.87
2020-07-28 17:56:59.350533,0.31,71.56
2020-07-28 17:57:04.352791,0.31,70.56
2020-07-28 17:57:09.356893,0.3,69.97
2020-07-28 17:57:14.361759,0.3,68.87
2020-07-28 17:57:19.365159,0.14,31.96
2020-07-28 17:57:24.367056,0.13,30.98
2020-07-28 17:57:29.372116,0.14,31.82
2020-07-28 17:57:34.376771,0.14,32.06
2020-07-28 17:57:39.381782,0.14,32.19
2020-07-28 17:57:44.386725,0.14,32.5
2020-07-28 17:57:49.387382,0.14,32.66
2020-07-28 17:57:54.391839,0.14,32.33
2020-07-28 17:57:59.398376,0.14,32.56
2020-07-28 17:58:04.398251,0.13,29.27
2020-07-28 17:58:09.403277,0.29,65.82
2020-07-28 17:58:14.409890,0.32,72.53
2020-07-28 17:58:19.415158,0.31,71.89
2020-07-28 17:58:24.414238,0.31,71.99
2020-07-28 17:58:29.419690,0.32,72.51
2020-07-28 17:58:34.424806,0.31,72.41
2020-07-28 17:58:39.429476,0.31,72.24
2020-07-28 17:58:44.434777,0.31,71.81
2020-07-28 17:58:49.434775,0.16,36.68
2020-07-28 17:58:54.439386,0.3,68.56
2020-07-28 17:58:59.445378,0.3,69.14
2020-07-28 17:59:04.444748,0.3,68.54
2020-07-28 17:59:09.449481,0.3,68.46
2020-07-28 17:59:14.455148,0.3,68.3
2020-07-28 17:59:19.459291,0.3,69.07
2020-07-28 17:59:24.461841,0.3,69.03
2020-07-28 17:59:29.467549,0.3,69.11
2020-07-28 17:59:34.471732,0.3,69.34
2020-07-28 17:59:39.474716,0.31,71.04
2020-07-28 17:59:44.475908,0.31,70.67
2020-07-28 17:59:49.481755,0.31,70.43
2020-07-28 17:59:54.486521,0.31,70.53
2020-07-28 17:59:59.487331,0.3,70.01
2020-07-28 18:00:04.492855,0.3,69.66
2020-07-28 18:00:09.496773,0.28,63.27
2020-07-28 18:00:14.502109,0.14,33.18
2020-07-28 18:00:19.506398,0.16,36.98
2020-07-28 18:00:24.508181,0.16,36.65
2020-07-28 18:00:29.513024,0.15,35.52
2020-07-28 18:00:34.517957,0.17,38.3
2020-07-28 18:00:39.522294,0.16,37.37
2020-07-28 18:00:44.523628,0.16,37.25
2020-07-28 18:00:49.527963,0.16,36.43
2020-07-28 18:00:54.533000,0.16,36.29
2020-07-28 18:00:59.534288,0.13,29.68
2020-07-28 18:01:04.538961,0.29,67.54
2020-07-28 18:01:09.544398,0.32,72.87
2020-07-28 18:01:14.549042,0.32,72.76
2020-07-28 18:01:19.549914,0.32,72.55
2020-07-28 18:01:24.554434,0.32,73.49
2020-07-28 18:01:29.559470,0.32,73.22
2020-07-28 18:01:34.563444,0.32,72.7
2020-07-28 18:01:39.565227,0.31,72.06
2020-07-28 18:01:44.570759,0.16,35.75
2020-07-28 18:01:49.575141,0.17,38.33
2020-07-28 18:01:54.579854,0.12,27.68
2020-07-28 18:01:59.581068,0.23,53.97
2020-07-28 18:02:04.586845,0.33,74.84
2020-07-28 18:02:09.591339,0.32,72.88
2020-07-28 18:02:14.595685,0.32,72.59
2020-07-28 18:02:19.598772,0.32,73.11
2020-07-28 18:02:24.600772,0.33,75.82
2020-07-28 18:02:29.607734,0.33,75.84
2020-07-28 18:02:34.611758,0.33,75.81
2020-07-28 18:02:39.612091,0.32,74.7
2020-07-28 18:02:44.618472,0.31,72.19
2020-07-28 18:02:49.622140,0.32,72.47
2020-07-28 18:02:54.626910,0.32,73.12
2020-07-28 18:02:59.628116,0.33,75.45
2020-07-28 18:03:04.632770,0.21,48.06
2020-07-28 18:03:09.637659,0.12,26.79
2020-07-28 18:03:14.641796,0.03,5.93
2020-07-28 18:03:19.643757,0.15,34.58
2020-07-28 18:03:24.648927,0.18,40.66
2020-07-28 18:03:29.653628,0.16,37.6
2020-07-28 18:03:34.659916,-0.02,-4.03
2020-07-28 18:03:39.659280,-0.05,-11.93
2020-07-28 18:03:44.664753,0.04,8.18
2020-07-28 18:03:49.669633,0.02,4.81
2020-07-28 18:03:54.670127,-0.03,-7.19
2020-07-28 18:03:59.674763,0.04,8.45
2020-07-28 18:04:04.680485,-0.0,-0.48
2020-07-28 18:04:09.684632,-0.03,-6.27
2020-07-28 18:04:14.689961,0.06,12.9
2020-07-28 18:04:19.691762,-0.04,-10.06
2020-07-28 18:04:24.696122,-0.05,-12.17
2020-07-28 18:04:29.700914,-0.06,-12.74
2020-07-28 18:04:34.705569,-0.06,-12.77
2020-07-28 18:04:39.706775,-0.06,-12.76
2020-07-28 18:04:44.711057,-0.06,-12.72
2020-07-28 18:04:49.715523,-0.0,-0.67
2020-07-28 18:04:54.721871,0.06,13.43
2020-07-28 18:04:59.722226,0.06,12.87
2020-07-28 18:05:04.727586,0.05,12.37
2020-07-28 18:05:09.731422,0.15,34.58
2020-07-28 18:05:14.735144,0.25,57.91
2020-07-28 18:05:19.737510,0.13,29.05
2020-07-28 18:05:24.742356,0.07,15.57
2020-07-28 18:05:29.747450,0.05,11.77
2020-07-28 18:05:34.748414,0.05,12.05
2020-07-28 18:05:39.753424,0.05,11.69
2020-07-28 18:05:44.757521,0.05,11.77
2020-07-28 18:05:49.763380,0.17,38.59
2020-07-28 18:05:54.764018,0.2,46.81
2020-07-28 18:05:59.770001,0.12,27.44
2020-07-28 18:06:04.774179,0.05,11.37
2020-07-28 18:06:09.778242,0.05,11.91
2020-07-28 18:06:14.780737,0.05,11.25
2020-07-28 18:06:19.784378,0.05,10.74
2020-07-28 18:06:24.789556,0.05,11.6
2020-07-28 18:06:29.794809,0.21,48.26
2020-07-28 18:06:34.794755,0.17,37.98
2020-07-28 18:06:39.799842,0.1,23.91
2020-07-28 18:06:44.805212,0.04,8.7
2020-07-28 18:06:49.809488,0.05,11.26
2020-07-28 18:06:54.811074,0.05,10.37
2020-07-28 18:06:59.817052,0.04,9.57
2020-07-28 18:07:04.819947,0.06,14.45
2020-07-28 18:07:09.824691,0.22,51.72
2020-07-28 18:07:14.826784,0.14,32.06
2020-07-28 18:07:19.835178,0.11,24.96
2020-07-28 18:07:24.836863,0.11,24.81
2020-07-28 18:07:29.838363,0.08,19.02
2020-07-28 18:07:34.842343,0.04,8.95
2020-07-28 18:07:39.846795,0.04,10.09
2020-07-28 18:07:44.852064,0.04,9.49
2020-07-28 18:07:49.856062,0.04,9.73
2020-07-28 18:07:54.859535,0.1,22.68
2020-07-28 18:07:59.862789,0.21,49.42
2020-07-28 18:08:04.867718,0.11,26.1
2020-07-28 18:08:09.868478,0.1,23.73
2020-07-28 18:08:14.873112,0.11,24.32
2020-07-28 18:08:19.878986,0.07,16.09
2020-07-28 18:08:24.882791,0.04,9.23
2020-07-28 18:08:29.883784,0.04,9.83
2020-07-28 18:08:34.890431,0.04,9.23
2020-07-28 18:08:39.893540,0.04,9.01
2020-07-28 18:08:44.898951,0.14,31.08
2020-07-28 18:08:49.901630,0.19,42.77
2020-07-28 18:08:54.904318,0.11,24.48
2020-07-28 18:08:59.910104,0.1,23.0
2020-07-28 18:09:04.914563,0.1,22.4
2020-07-28 18:09:09.914908,0.05,11.75
2020-07-28 18:09:14.920768,0.03,7.24
2020-07-28 18:09:19.924378,0.03,6.9
2020-07-28 18:09:24.930901,0.04,9.58
2020-07-28 18:09:29.934693,0.04,8.84
2020-07-28 18:09:34.937790,0.04,8.48
2020-07-28 18:09:39.941022,0.04,8.41
2020-07-28 18:09:44.945831,0.04,8.27
2020-07-28 18:09:49.947040,0.04,8.5
2020-07-28 18:09:54.951998,0.04,8.69
2020-07-28 18:09:59.956932,0.04,8.23
2020-07-28 18:10:04.961650,0.04,8.57
2020-07-28 18:10:09.966371,0.04,8.68
2020-07-28 18:10:14.967608,0.04,8.44
2020-07-28 18:10:19.972364,0.04,8.15
2020-07-28 18:10:24.976078,0.03,7.89
2020-07-28 18:10:29.978380,0.08,18.89
2020-07-28 18:10:34.982553,0.11,25.16
2020-07-28 18:10:39.988099,0.12,27.45
2020-07-28 18:10:44.993791,0.13,30.68
2020-07-28 18:10:49.996020,0.13,29.96
2020-07-28 18:10:55.000451,0.13,29.06
2020-07-28 18:11:00.004126,0.16,37.03
2020-07-28 18:11:05.008076,0.17,39.43
2020-07-28 18:11:10.009544,0.17,39.32
2020-07-28 18:11:15.014696,0.17,39.11
2020-07-28 18:11:20.019096,0.17,39.62
2020-07-28 18:11:25.023426,0.17,39.69
2020-07-28 18:11:30.024615,0.17,39.21
2020-07-28 18:11:35.029990,0.17,39.26
2020-07-28 18:11:40.034576,0.14,31.98
2020-07-28 18:11:45.038906,0.16,37.12
2020-07-28 18:11:50.040750,0.17,39.5
2020-07-28 18:11:55.052706,0.17,39.82
2020-07-28 18:12:00.049842,0.15,35.55
2020-07-28 18:12:05.054552,0.15,34.95
2020-07-28 18:12:10.056549,0.15,34.78
2020-07-28 18:12:15.060796,0.15,34.64
2020-07-28 18:12:20.066167,0.15,34.87
2020-07-28 18:12:25.069796,0.15,34.59
2020-07-28 18:12:30.071348,0.15,34.7
2020-07-28 18:12:35.076960,0.15,34.34
2020-07-28 18:12:40.081788,0.15,34.86
2020-07-28 18:12:45.082920,0.15,35.09
2020-07-28 18:12:50.087839,0.15,34.8
2020-07-28 18:12:55.094261,0.15,35.27
2020-07-28 18:13:00.096673,0.15,35.38
2020-07-28 18:13:05.098575,0.15,35.36
2020-07-28 18:13:10.103514,0.15,34.87
2020-07-28 18:13:15.109085,0.15,35.43
2020-07-28 18:13:20.114217,0.16,35.71
2020-07-28 18:13:25.113873,0.14,31.09
2020-07-28 18:13:30.119002,0.23,53.16
2020-07-28 18:13:35.124937,0.27,61.01
2020-07-28 18:13:40.128715,0.26,60.33
2020-07-28 18:13:45.129827,0.26,60.76
2020-07-28 18:13:50.134127,0.26,60.7
2020-07-28 18:13:55.140757,0.26,59.9
2020-07-28 18:14:00.144414,0.26,60.08
2020-07-28 18:14:05.147319,0.26,60.54
2020-07-28 18:14:10.151502,0.27,61.07
2020-07-28 18:14:15.155445,0.28,64.02
2020-07-28 18:14:20.155828,0.27,62.57
2020-07-28 18:14:25.160756,0.27,61.02
2020-07-28 18:14:30.166825,0.26,60.28
2020-07-28 18:14:35.170217,0.26,60.85
2020-07-28 18:14:40.173229,0.27,62.26
2020-07-28 18:14:45.176375,0.27,63.18
2020-07-28 18:14:50.181925,0.27,62.86
2020-07-28 18:14:55.186662,0.27,62.44
2020-07-28 18:15:00.186335,0.27,61.1
2020-07-28 18:15:05.192144,0.26,59.95
2020-07-28 18:15:10.197692,0.26,60.37
2020-07-28 18:15:15.202015,0.26,60.66
2020-07-28 18:15:20.206063,0.26,60.15
2020-07-28 18:15:25.208168,0.26,60.48
2020-07-28 18:15:30.213835,0.26,60.93
2020-07-28 18:15:35.218027,0.27,61.05
2020-07-28 18:15:40.224009,0.27,61.12
2020-07-28 18:15:45.224689,0.27,61.54
2020-07-28 18:15:50.229583,0.27,61.41
2020-07-28 18:15:55.233254,0.26,60.95
2020-07-28 18:16:00.238465,0.26,60.52
2020-07-28 18:16:05.240820,0.26,60.51
2020-07-28 18:16:10.246176,0.27,61.51
2020-07-28 18:16:15.249159,0.27,61.13
2020-07-28 18:16:20.253793,0.27,61.64
2020-07-28 18:16:25.255187,0.27,61.51
2020-07-28 18:16:30.259857,0.27,61.32
2020-07-28 18:16:35.264816,0.26,60.52
2020-07-28 18:16:40.266657,0.26,60.87
2020-07-28 18:16:45.272399,0.27,61.01
2020-07-28 18:16:50.275515,0.13,30.53
2020-07-28 18:16:55.280057,0.15,34.68
2020-07-28 18:17:00.280796,0.16,36.15
2020-07-28 18:17:05.286544,0.16,35.69
2020-07-28 18:17:10.291824,0.15,35.34
2020-07-28 18:17:15.297169,0.16,36.17
2020-07-28 18:17:20.298896,0.16,36.01
2020-07-28 18:17:25.303816,0.15,35.6
2020-07-28 18:17:30.306445,0.16,35.82
2020-07-28 18:17:35.311269,0.12,27.51
2020-07-28 18:17:40.311776,0.15,34.46
2020-07-28 18:17:45.317821,0.15,35.09
2020-07-28 18:17:50.322593,0.15,34.96
2020-07-28 18:17:55.323780,0.15,34.96
2020-07-28 18:18:00.327833,0.15,34.72
2020-07-28 18:18:05.332608,0.15,34.78
2020-07-28 18:18:10.338237,0.15,34.78
2020-07-28 18:18:15.339899,0.15,35.08
2020-07-28 18:18:20.344764,0.16,35.69
2020-07-28 18:18:25.349856,0.15,35.32
2020-07-28 18:18:30.353488,0.16,35.77
2020-07-28 18:18:35.354531,0.15,35.46
2020-07-28 18:18:40.359852,0.15,35.29
2020-07-28 18:18:45.364203,0.15,35.3
2020-07-28 18:18:50.369918,0.15,34.52
2020-07-28 18:18:55.370798,0.15,35.11
2020-07-28 18:19:00.374198,0.15,35.46
2020-07-28 18:19:05.382149,0.15,35.15
2020-07-28 18:19:10.384531,0.15,35.23
2020-07-28 18:19:15.385907,0.15,35.59
2020-07-28 18:19:20.391773,0.14,32.86
2020-07-28 18:19:25.395735,0.26,60.52
2020-07-28 18:19:30.399658,0.26,60.33
2020-07-28 18:19:35.403690,0.26,60.62
2020-07-28 18:19:40.407177,0.26,60.76
2020-07-28 18:19:45.410957,0.26,60.68
2020-07-28 18:19:50.411759,0.26,60.22
2020-07-28 18:19:55.417566,0.26,60.29
2020-07-28 18:20:00.421762,0.26,60.59
2020-07-28 18:20:05.426044,0.26,60.37
2020-07-28 18:20:10.428826,0.27,60.98
2020-07-28 18:20:15.434135,0.26,60.35
2020-07-28 18:20:20.436825,0.26,60.39
2020-07-28 18:20:25.442774,0.26,60.52
2020-07-28 18:20:30.443360,0.26,60.57
2020-07-28 18:20:35.448710,0.26,60.93
2020-07-28 18:20:40.453913,0.26,60.57
2020-07-28 18:20:45.458317,0.26,60.41
2020-07-28 18:20:50.461448,0.26,60.29
2020-07-28 18:20:55.464732,0.26,60.41
2020-07-28 18:21:00.469001,0.26,60.16
2020-07-28 18:21:05.471159,0.26,59.61
2020-07-28 18:21:10.476869,0.26,60.33
2020-07-28 18:21:15.481465,0.27,61.05
2020-07-28 18:21:20.484813,0.27,61.27
2020-07-28 18:21:25.490730,0.27,61.42
2020-07-28 18:21:30.491943,0.26,60.79
2020-07-28 18:21:35.495634,0.26,60.33
2020-07-28 18:21:40.500403,0.13,29.95
2020-07-28 18:21:45.504831,0.12,27.18
2020-07-28 18:21:50.506639,0.14,33.2
2020-07-28 18:21:55.511392,0.15,35.58
2020-07-28 18:22:00.517116,0.15,35.47
2020-07-28 18:22:05.516473,0.16,35.94
2020-07-28 18:22:10.522213,0.15,35.35
2020-07-28 18:22:15.527805,0.16,35.84
2020-07-28 18:22:20.531776,0.15,35.14
2020-07-28 18:22:25.538530,0.15,35.11
2020-07-28 18:22:30.536516,0.15,35.12
2020-07-28 18:22:35.542775,0.15,34.94
2020-07-28 18:22:40.546645,0.16,35.66
2020-07-28 18:22:45.547941,0.16,36.01
2020-07-28 18:22:50.553278,0.17,39.23
2020-07-28 18:22:55.557705,0.13,28.82
2020-07-28 18:23:00.562411,0.09,21.2
2020-07-28 18:23:05.563677,0.04,9.66
2020-07-28 18:23:10.568416,0.15,34.97
2020-07-28 18:23:15.573906,0.17,38.54
2020-07-28 18:23:20.574904,0.03,6.87
2020-07-28 18:23:25.579287,-0.05,-11.72
2020-07-28 18:23:30.586786,0.01,1.61
2020-07-28 18:23:35.589868,0.04,8.51
2020-07-28 18:23:40.590704,-0.02,-4.06
2020-07-28 18:23:45.595137,0.01,1.45
2020-07-28 18:23:50.600948,0.03,6.2
2020-07-28 18:23:55.605995,-0.05,-10.91
2020-07-28 18:24:00.609756,0.06,14.06
2020-07-28 18:24:05.611775,0.04,9.0
2020-07-28 18:24:10.615128,0.05,11.19
2020-07-28 18:24:15.620694,0.04,9.88
2020-07-28 18:24:20.621864,0.04,9.06
2020-07-28 18:24:25.627147,0.04,8.95
2020-07-28 18:24:30.631765,0.04,8.86
2020-07-28 18:24:35.636350,0.04,8.79
2020-07-28 18:24:40.638758,0.04,8.47
2020-07-28 18:24:45.641603,0.09,21.18
2020-07-28 18:24:50.647873,0.12,27.24
2020-07-28 18:24:55.650980,0.14,31.43
2020-07-28 18:25:00.653148,0.14,33.35
2020-07-28 18:25:05.657877,0.15,33.62
2020-07-28 18:25:10.663822,0.13,28.91
2020-07-28 18:25:15.664650,0.12,27.78
2020-07-28 18:25:20.668917,0.11,24.69
2020-07-28 18:25:25.673439,0.1,23.34
2020-07-28 18:25:30.679855,0.11,25.14
2020-07-28 18:25:35.679579,0.12,28.25
2020-07-28 18:25:40.684625,1.03,237.17
2020-07-28 18:25:45.690179,9.72,2235.11
2020-07-28 18:25:50.694314,9.7,2230.26
2020-07-28 18:25:55.695242,9.69,2229.48
2020-07-28 18:26:00.700879,9.69,2229.67
2020-07-28 18:26:05.704058,9.68,2225.64
2020-07-28 18:26:10.709729,9.64,2217.21
2020-07-28 18:26:15.712511,9.59,2205.39
2020-07-28 18:26:20.717423,9.58,2203.3
2020-07-28 18:26:25.721817,9.59,2204.63
2020-07-28 18:26:30.721291,9.57,2201.3
2020-07-28 18:26:35.728460,9.56,2199.04
2020-07-28 18:26:40.732502,9.56,2198.73
2020-07-28 18:26:45.738782,9.56,2197.94
2020-07-28 18:26:50.738585,9.55,2195.53
2020-07-28 18:26:55.742961,9.54,2194.43
2020-07-28 18:27:00.747889,9.54,2193.14
2020-07-28 18:27:05.751975,9.54,2193.56
2020-07-28 18:27:10.755653,9.53,2191.86
2020-07-28 18:27:15.759869,9.52,2188.77
2020-07-28 18:27:20.762370,9.52,2190.63
2020-07-28 18:27:25.766993,9.5,2184.77
2020-07-28 18:27:30.772779,9.5,2185.82
2020-07-28 18:27:35.773963,9.5,2185.09
2020-07-28 18:27:40.778838,9.51,2187.25
2020-07-28 18:27:45.784142,9.5,2185.37
2020-07-28 18:27:50.787362,9.5,2185.58
2020-07-28 18:27:55.789944,9.49,2183.24
2020-07-28 18:28:00.794777,9.49,2183.63
2020-07-28 18:28:05.799784,9.49,2181.92
2020-07-28 18:28:10.800026,9.48,2179.3
2020-07-28 18:28:15.806043,9.48,2179.58
2020-07-28 18:28:20.809529,9.47,2178.46
2020-07-28 18:28:25.814112,9.47,2177.21
2020-07-28 18:28:30.815909,9.46,2175.79
2020-07-28 18:28:35.821760,9.46,2175.09
2020-07-28 18:28:40.826134,9.45,2173.48
2020-07-28 18:28:45.825936,9.44,2171.88
2020-07-28 18:28:50.832307,9.45,2173.82
2020-07-28 18:28:55.837011,9.45,2172.63
2020-07-28 18:29:00.842774,9.44,2172.15
2020-07-28 18:29:05.845737,9.43,2169.05
2020-07-28 18:29:10.847103,9.43,2169.18
2020-07-28 18:29:15.852774,9.42,2167.13
2020-07-28 18:29:20.856860,9.43,2168.77
2020-07-28 18:29:25.858839,9.51,2188.14
2020-07-28 18:29:30.862791,9.5,2184.62
2020-07-28 18:29:35.868238,9.46,2176.48
2020-07-28 18:29:40.871780,9.46,2175.63
2020-07-28 18:29:45.873783,9.45,2173.13
2020-07-28 18:29:50.878111,9.44,2171.71
2020-07-28 18:29:55.885097,9.45,2174.33
2020-07-28 18:30:00.883660,9.44,2171.36
2020-07-28 18:30:05.888618,9.44,2172.11
2020-07-28 18:30:10.894781,9.43,2169.07
2020-07-28 18:30:15.898565,9.43,2168.95
2020-07-28 18:30:20.899907,9.43,2168.12
2020-07-28 18:30:25.905024,9.42,2165.75
2020-07-28 18:30:30.909981,9.4,2162.62
2020-07-28 18:30:35.914681,9.4,2162.13
2020-07-28 18:30:40.916095,9.44,2170.9
2020-07-28 18:30:45.922048,9.47,2178.82
2020-07-28 18:30:50.925915,9.47,2178.15
2020-07-28 18:30:55.929800,9.47,2177.25
2020-07-28 18:31:00.932438,9.47,2177.27
2020-07-28 18:31:05.936887,9.46,2175.41
2020-07-28 18:31:10.939886,9.46,2175.71
2020-07-28 18:31:15.942760,9.45,2174.29
2020-07-28 18:31:20.946837,9.44,2172.34
2020-07-28 18:31:25.951863,9.43,2169.96
2020-07-28 18:31:30.958645,9.43,2168.58
2020-07-28 18:31:35.959293,9.42,2165.46
2020-07-28 18:31:40.962779,9.4,2160.99
2020-07-28 18:31:45.968019,9.36,2153.13
2020-07-28 18:31:50.972469,9.34,2148.57
2020-07-28 18:31:55.974790,9.34,2147.45
2020-07-28 18:32:00.978080,9.34,2147.75
2020-07-28 18:32:05.982777,9.32,2144.36
2020-07-28 18:32:10.984619,9.31,2142.13
2020-07-28 18:32:15.989500,9.31,2140.7
2020-07-28 18:32:20.992367,9.31,2141.22
2020-07-28 18:32:25.998369,9.31,2141.2
2020-07-28 18:32:31.000226,9.3,2139.34
2020-07-28 18:32:36.005782,9.3,2139.93
2020-07-28 18:32:41.010091,9.31,2142.24
2020-07-28 18:32:46.009756,9.3,2139.35
2020-07-28 18:32:51.015893,9.33,2145.55
2020-07-28 18:32:56.021811,9.36,2152.84
2020-07-28 18:33:01.024769,9.38,2157.15
2020-07-28 18:33:06.029633,9.37,2155.93
2020-07-28 18:33:11.031568,9.37,2154.49
2020-07-28 18:33:16.037025,9.36,2152.45
2020-07-28 18:33:21.041919,9.35,2150.8
2020-07-28 18:33:26.044774,9.35,2150.51
2020-07-28 18:33:31.047231,9.34,2148.7
2020-07-28 18:33:36.051773,9.34,2149.0
2020-07-28 18:33:41.056277,9.33,2146.78
2020-07-28 18:33:46.061772,9.33,2146.81
2020-07-28 18:33:51.063782,9.33,2145.87
2020-07-28 18:33:56.068051,9.28,2133.77
2020-07-28 18:34:01.072950,9.27,2131.87
2020-07-28 18:34:06.071789,9.26,2128.95
2020-07-28 18:34:11.077885,9.25,2126.87
2020-07-28 18:34:16.083792,9.24,2125.36
2020-07-28 18:34:21.084311,9.22,2121.51
2020-07-28 18:34:26.089271,9.24,2124.13
2020-07-28 18:34:31.093782,9.22,2120.74
2020-07-28 18:34:36.099858,9.22,2120.23
2020-07-28 18:34:41.099883,9.2,2117.02
2020-07-28 18:34:46.106931,9.22,2120.54
2020-07-28 18:34:51.109964,9.21,2118.66
2020-07-28 18:34:56.114783,9.21,2117.56
2020-07-28 18:35:01.115855,9.21,2118.78
2020-07-28 18:35:06.120632,9.18,2112.22
2020-07-28 18:35:11.125573,9.2,2116.22
2020-07-28 18:35:16.128958,9.19,2114.41
2020-07-28 18:35:21.131870,9.2,2114.9
2020-07-28 18:35:26.135101,9.19,2113.07
2020-07-28 18:35:31.139194,9.19,2113.14
2020-07-28 18:35:36.141772,9.18,2112.26
2020-07-28 18:35:41.147043,9.19,2112.73
2020-07-28 18:35:46.152760,4.19,963.3
2020-07-28 18:35:51.156197,0.15,34.68
2020-07-28 18:35:56.157968,0.03,7.94
2020-07-28 18:36:01.162844,-0.04,-10.04
2020-07-28 18:36:06.166910,-0.04,-10.04
2020-07-28 18:36:11.171759,-0.04,-10.07
2020-07-28 18:36:16.173968,-0.04,-10.11
2020-07-28 18:36:21.177905,-0.04,-10.04
2020-07-28 18:36:26.183516,-0.04,-10.03
2020-07-28 18:36:31.184161,-0.04,-10.19
2020-07-28 18:36:36.188882,-0.04,-10.06
2020-07-28 18:36:41.192988,0.03,7.65
2020-07-28 18:36:46.193469,0.15,33.99
2020-07-28 18:36:51.199810,0.18,40.68
2020-07-28 18:36:56.204774,0.11,25.2
2020-07-28 18:37:01.210328,0.02,3.48
2020-07-28 18:37:06.209614,-0.0,-0.07
2020-07-28 18:37:11.216331,-0.01,-1.94
2020-07-28 18:37:16.220411,0.02,4.04
2020-07-28 18:37:21.224349,0.03,7.47
2020-07-28 18:37:26.226040,-0.0,-0.32
2020-07-28 18:37:31.230298,-0.01,-2.52
2020-07-28 18:37:36.236127,-0.04,-8.75
2020-07-28 18:37:41.239973,-0.04,-10.21
2020-07-28 18:37:46.241759,-0.04,-10.14
2020-07-28 18:37:51.246840,-0.04,-10.09
2020-07-28 18:37:56.250729,-0.04,-10.07
2020-07-28 18:38:01.252771,-0.04,-10.1
2020-07-28 18:38:06.256773,-0.04,-10.24
2020-07-28 18:38:11.262774,-0.04,-10.22
2020-07-28 18:38:16.265899,-0.04,-10.25
2020-07-28 18:38:21.267764,-0.04,-10.08
2020-07-28 18:38:26.272794,-0.04,-10.02
2020-07-28 18:38:31.277940,-0.04,-10.09
2020-07-28 18:38:36.281687,-0.04,-10.22
2020-07-28 18:38:41.283706,-0.04,-10.01
2020-07-28 18:38:46.288912,-0.04,-10.05
2020-07-28 18:38:51.292777,-0.04,-10.2
2020-07-28 18:38:56.294700,-0.04,-10.12
2020-07-28 18:39:01.299631,-0.04,-10.25
2020-07-28 18:39:06.304587,-0.04,-10.28
2020-07-28 18:39:11.309411,-0.04,-10.08
2020-07-28 18:39:16.313783,-0.04,-10.3
2020-07-28 18:39:21.315304,-0.04,-10.23
2020-07-28 18:39:26.318992,-0.04,-10.27
2020-07-28 18:39:31.324409,-0.04,-10.3
2020-07-28 18:39:36.329051,-0.04,-10.32
2020-07-28 18:39:41.329700,-0.04,-10.11
2020-07-28 18:39:46.335898,-0.04,-10.14
2020-07-28 18:39:51.339788,-0.04,-10.22
2020-07-28 18:39:56.341697,-0.04,-10.19
2020-07-28 18:40:01.346649,-0.04,-10.15
2020-07-28 18:40:06.351584,-0.04,-10.16
2020-07-28 18:40:11.355467,-0.04,-10.23
2020-07-28 18:40:16.357381,-0.04,-10.26
2020-07-28 18:40:21.361769,-0.04,-10.3
2020-07-28 18:40:26.367432,-0.04,-10.33
2020-07-28 18:40:31.370853,-0.04,-10.24
2020-07-28 18:40:36.373781,-0.04,-8.81
2020-07-28 18:40:41.377991,-0.04,-8.39
2020-07-28 18:40:46.381301,-0.04,-8.23
2020-07-28 18:40:51.383785,-0.04,-8.46
2020-07-28 18:40:56.388721,-0.04,-8.27
2020-07-28 18:41:01.392065,-0.04,-8.18
2020-07-28 18:41:06.394159,-0.04,-8.14
2020-07-28 18:41:11.398870,-0.04,-8.19
2020-07-28 18:41:16.404841,-0.04,-8.13
2020-07-28 18:41:21.408319,-0.04,-8.27
2020-07-28 18:41:26.410177,-0.04,-8.16
2020-07-28 18:41:31.414303,-0.04,-8.15
2020-07-28 18:41:36.419243,-0.03,-8.03
2020-07-28 18:41:41.422958,-0.03,-8.05
2020-07-28 18:41:46.425796,-0.04,-8.42
2020-07-28 18:41:51.430320,-0.04,-9.98
2020-07-28 18:41:56.435772,-0.04,-9.9
2020-07-28 18:42:01.438552,-0.04,-9.88
2020-07-28 18:42:06.440405,-0.04,-10.07
2020-07-28 18:42:11.446460,-0.04,-9.83
2020-07-28 18:42:16.449829,-0.04,-10.06
2020-07-28 18:42:21.451043,-0.04,-10.08
2020-07-28 18:42:26.457117,-0.04,-9.95
2020-07-28 18:42:31.461773,-0.04,-10.0
2020-07-28 18:42:36.463105,-0.04,-9.97
2020-07-28 18:42:41.468008,-0.04,-9.93
2020-07-28 18:42:46.472958,-0.04,-9.86
2020-07-28 18:42:51.476799,-0.04,-9.91
2020-07-28 18:42:56.480543,-0.04,-9.9
2020-07-28 18:43:01.482794,-0.04,-9.99
2020-07-28 18:43:06.489545,-0.04,-10.22
2020-07-28 18:43:11.492781,-0.04,-10.08
2020-07-28 18:43:16.494059,-0.04,-10.14
2020-07-28 18:43:21.499261,-0.04,-10.0
2020-07-28 18:43:26.503783,-0.04,-10.02
2020-07-28 18:43:31.504832,-0.04,-9.98
2020-07-28 18:43:36.509990,-0.04,-10.26
2020-07-28 18:43:41.512875,-0.04,-10.15
2020-07-28 18:43:46.518776,-0.04,-10.14
2020-07-28 18:43:51.520507,-0.04,-10.2
2020-07-28 18:43:56.525665,-0.04,-10.1
2020-07-28 18:44:01.530132,-0.04,-10.23
2020-07-28 18:44:06.534523,-0.04,-10.19
2020-07-28 18:44:11.536400,-0.04,-10.21
2020-07-28 18:44:16.539818,-0.04,-10.04
2020-07-28 18:44:21.545266,-0.04,-10.08
2020-07-28 18:44:26.550154,-0.04,-9.88
2020-07-28 18:44:31.551759,-0.04,-10.17
2020-07-28 18:44:36.557002,-0.04,-10.08
2020-07-28 18:44:41.560753,-0.04,-9.98
2020-07-28 18:44:46.562786,-0.04,-10.01
2020-07-28 18:44:51.568339,-0.04,-9.82
2020-07-28 18:44:56.571773,-0.04,-9.98
2020-07-28 18:45:01.576373,-0.04,-9.94
2020-07-28 18:45:06.581004,-0.04,-9.91
2020-07-28 18:45:11.582794,-0.04,-9.87
2020-07-28 18:45:16.587344,-0.04,-10.09
2020-07-28 18:45:21.591889,-0.04,-9.87
2020-07-28 18:45:26.594441,-0.04,-9.98
2020-07-28 18:45:31.599015,-0.04,-9.9
2020-07-28 18:45:36.603993,-0.04,-10.02
2020-07-28 18:45:41.607931,-0.04,-10.01
2020-07-28 18:45:46.609344,-0.04,-10.12
2020-07-28 18:45:51.615752,-0.04,-9.96
2020-07-28 18:45:56.619260,-0.04,-10.02
2020-07-28 18:46:01.622696,-0.04,-9.97
2020-07-28 18:46:06.625483,-0.04,-10.12
2020-07-28 18:46:11.630414,-0.04,-9.9
2020-07-28 18:46:16.633877,-0.04,-9.99
2020-07-28 18:46:21.634635,-0.04,-9.91
2020-07-28 18:46:26.641154,-0.04,-9.79
2020-07-28 18:46:31.644764,-0.04,-9.89
2020-07-28 18:46:36.646895,-0.04,-9.81
2020-07-28 18:46:41.650657,-0.04,-9.84
2020-07-28 18:46:46.656815,-0.04,-9.82
2020-07-28 18:46:51.661774,-0.04,-9.81
2020-07-28 18:46:56.661988,-0.04,-9.93
2020-07-28 18:47:01.667553,-0.04,-9.75
2020-07-28 18:47:06.671774,-0.04,-9.75
2020-07-28 18:47:11.676408,-0.04,-9.79
2020-07-28 18:47:16.678707,-0.04,-9.93
2020-07-28 18:47:21.682794,-0.04,-9.78
2020-07-28 18:47:26.687824,-0.04,-9.74
2020-07-28 18:47:31.688313,-0.04,-9.9
2020-07-28 18:47:36.693784,-0.04,-10.19
2020-07-28 18:47:41.696724,-0.04,-10.14
2020-07-28 18:47:46.702779,-0.04,-9.92
2020-07-28 18:47:51.703358,-0.04,-10.15
2020-07-28 18:47:56.708871,-0.04,-9.91
2020-07-28 18:48:01.713794,-0.04,-9.98
2020-07-28 18:48:06.715157,-0.04,-9.96
2020-07-28 18:48:11.720344,-0.04,-10.0
2020-07-28 18:48:16.725566,-0.04,-10.13
2020-07-28 18:48:21.730239,-0.04,-10.21
2020-07-28 18:48:26.734094,-0.04,-10.23
2020-07-28 18:48:31.736150,-0.04,-10.18
2020-07-28 18:48:36.740925,-0.04,-9.89
2020-07-28 18:48:41.744937,-0.04,-9.98
2020-07-28 18:48:46.747143,-0.04,-9.93
2020-07-28 18:48:51.752717,-0.04,-10.08
2020-07-28 18:48:56.755587,-0.04,-9.89
2020-07-28 18:49:01.756577,-0.04,-9.81
2020-07-28 18:49:06.761924,-0.04,-9.9
2020-07-28 18:49:11.767366,-0.04,-9.92
2020-07-28 18:49:16.771772,-0.04,-9.99
2020-07-28 18:49:21.773205,-0.04,-9.88
2020-07-28 18:49:26.776987,-0.04,-9.99
2020-07-28 18:49:31.783975,-0.04,-9.95
2020-07-28 18:49:36.786936,-0.04,-10.04
2020-07-28 18:49:41.788819,-0.04,-10.06
2020-07-28 18:49:46.793779,-0.04,-9.9
2020-07-28 18:49:51.797665,-0.04,-9.86
2020-07-28 18:49:56.801779,-0.04,-9.91
2020-07-28 18:50:01.803858,-0.04,-10.07
2020-07-28 18:50:06.808898,-0.04,-9.93
2020-07-28 18:50:11.813272,-0.04,-10.02
2020-07-28 18:50:16.814986,-0.04,-10.12
2020-07-28 18:50:21.819308,-0.04,-9.96
2020-07-28 18:50:26.825861,-0.04,-10.13
2020-07-28 18:50:31.825810,-0.04,-10.07
2020-07-28 18:50:36.831790,-0.04,-10.07
2020-07-28 18:50:41.835819,-0.04,-10.09
2020-07-28 18:50:46.839867,-0.04,-10.13
2020-07-28 18:50:51.843619,-0.04,-10.06
2020-07-28 18:50:56.847943,-0.04,-10.15
2020-07-28 18:51:01.850786,-0.04,-10.1
2020-07-28 18:51:06.855811,-0.04,-10.13
2020-07-28 18:51:11.860342,-0.04,-10.04
2020-07-28 18:51:16.861110,-0.04,-9.99
2020-07-28 18:51:21.868371,-0.04,-10.01
2020-07-28 18:51:26.871375,-0.04,-9.87
2020-07-28 18:51:31.874962,-0.04,-10.1
2020-07-28 18:51:36.876191,-0.04,-10.06
2020-07-28 18:51:41.881937,-0.04,-9.94
2020-07-28 18:51:46.885643,-0.04,-10.04
2020-07-28 18:51:51.888632,-0.04,-9.94
2020-07-28 18:51:56.891989,-0.04,-9.97
2020-07-28 18:52:01.898664,-0.04,-10.16
2020-07-28 18:52:06.897315,-0.04,-9.98
2020-07-28 18:52:11.903906,-0.04,-9.85
2020-07-28 18:52:16.908247,-0.04,-10.01
2020-07-28 18:52:21.913171,-0.04,-10.14
2020-07-28 18:52:26.914257,-0.04,-10.22
2020-07-28 18:52:31.919976,-0.04,-10.19
2020-07-28 18:52:36.923878,-0.04,-10.17
2020-07-28 18:52:41.928635,-0.04,-10.25
2020-07-28 18:52:46.930710,-0.04,-10.14
2020-07-28 18:52:51.935874,-0.04,-10.27
2020-07-28 18:52:56.940542,-0.04,-10.3
2020-07-28 18:53:01.940289,-0.04,-10.17
2020-07-28 18:53:06.946153,-0.04,-10.34
2020-07-28 18:53:11.951808,-0.04,-10.1
2020-07-28 18:53:16.954158,-0.04,-10.1
2020-07-28 18:53:21.957282,-0.04,-10.32
2020-07-28 18:53:26.962455,-0.04,-10.15
2020-07-28 18:53:31.966984,-0.04,-10.18
2020-07-28 18:53:36.970911,-0.04,-10.33
2020-07-28 18:53:41.973018,-0.04,-10.3
2020-07-28 18:53:46.977722,-0.04,-10.25
2020-07-28 18:53:51.981822,-0.04,-10.18
2020-07-28 18:53:56.983793,-0.04,-10.34
2020-07-28 18:54:01.988045,-0.04,-10.27
2020-07-28 18:54:06.993217,-0.04,-10.33
2020-07-28 18:54:11.997257,-0.04,-10.29
2020-07-28 18:54:17.000172,-0.05,-10.36
2020-07-28 18:54:22.002969,-0.04,-10.23
2020-07-28 18:54:27.008205,-0.04,-10.09
2020-07-28 18:54:32.009907,-0.04,-9.98
2020-07-28 18:54:37.014336,-0.04,-10.11
2020-07-28 18:54:42.019667,-0.04,-10.24
2020-07-28 18:54:47.023705,-0.04,-10.15
2020-07-28 18:54:52.025582,-0.04,-10.31
2020-07-28 18:54:57.030522,-0.04,-10.12
2020-07-28 18:55:02.035367,-0.04,-10.32
2020-07-28 18:55:07.040853,-0.04,-10.15
2020-07-28 18:55:12.041244,-0.04,-10.19
2020-07-28 18:55:17.046183,-0.04,-10.06
2020-07-28 18:55:22.050080,-0.04,-10.24
2020-07-28 18:55:27.051758,-0.04,-10.05
2020-07-28 18:55:32.056961,-0.04,-10.13
2020-07-28 18:55:37.060751,-0.04,-10.0
2020-07-28 18:55:42.064529,-0.04,-10.09
2020-07-28 18:55:47.068975,-0.04,-10.08
2020-07-28 18:55:52.072776,-0.04,-10.24
2020-07-28 18:55:57.077541,-0.04,-9.85
2020-07-28 18:56:02.078381,-0.04,-9.92
2020-07-28 18:56:07.083777,-0.04,-10.02
2020-07-28 18:56:12.088270,-0.04,-10.0
2020-07-28 18:56:17.091970,-0.04,-9.94
2020-07-28 18:56:22.093780,-0.04,-10.04
2020-07-28 18:56:27.098784,-0.04,-10.09
2020-07-28 18:56:32.103853,-0.04,-9.95
2020-07-28 18:56:37.104788,-0.04,-10.06
2020-07-28 18:56:42.109719,-0.04,-9.9
2020-07-28 18:56:47.114532,-0.04,-9.96
2020-07-28 18:56:52.120064,-0.04,-9.79
2020-07-28 18:56:57.123920,-0.04,-9.92
2020-07-28 18:57:02.124506,-0.04,-9.78
2020-07-28 18:57:07.130341,-0.04,-9.91
2020-07-28 18:57:12.133955,-0.04,-9.83
2020-07-28 18:57:17.135783,-0.04,-9.84
2020-07-28 18:57:22.142059,-0.04,-9.77
2020-07-28 18:57:27.146011,-0.04,-9.88
2020-07-28 18:57:32.149827,-0.04,-10.03
2020-07-28 18:57:37.151865,-0.04,-10.06
2020-07-28 18:57:42.156834,-0.04,-9.92
2020-07-28 18:57:47.160662,-0.04,-9.98
2020-07-28 18:57:52.164524,-0.04,-9.96
2020-07-28 18:57:57.167467,-0.04,-9.94
2020-07-28 18:58:02.171884,-0.04,-10.01
2020-07-28 18:58:07.176167,-0.04,-10.04
2020-07-28 18:58:12.179181,-0.04,-10.1
2020-07-28 18:58:17.183929,-0.04,-10.19
2020-07-28 18:58:22.186443,-0.04,-9.94
2020-07-28 18:58:27.191779,-0.04,-10.03
2020-07-28 18:58:32.194781,-0.04,-9.78
2020-07-28 18:58:37.197776,-0.04,-9.9
2020-07-28 18:58:42.204699,-0.04,-9.89
2020-07-28 18:58:47.203944,-0.04,-9.9
2020-07-28 18:58:52.209537,-0.04,-9.69
2020-07-28 18:58:57.214419,-0.04,-9.71
2020-07-28 18:59:02.218289,-0.04,-9.78
2020-07-28 18:59:07.219427,-0.04,-9.73
2020-07-28 18:59:12.225194,-0.04,-9.75
2020-07-28 18:59:17.230109,-0.04,-9.91
2020-07-28 18:59:22.230997,-0.04,-9.78
2020-07-28 18:59:27.236329,-0.04,-9.78
2020-07-28 18:59:32.242109,-0.04,-9.83
2020-07-28 18:59:37.244755,-0.04,-9.97
2020-07-28 18:59:42.245385,-0.04,-9.88
2020-07-28 18:59:47.251611,-0.04,-9.89
2020-07-28 18:59:52.256545,-0.04,-9.86
2020-07-28 18:59:57.256918,-0.04,-10.19
2020-07-28 19:00:02.262211,-0.04,-9.96
2020-07-28 19:00:07.267281,-0.04,-10.08
2020-07-28 19:00:12.272760,-0.04,-9.87
2020-07-28 19:00:17.272779,-0.04,-10.01
2020-07-28 19:00:22.278279,-0.04,-9.85
2020-07-28 19:00:27.283647,-0.04,-9.82
2020-07-28 19:00:32.286817,-0.04,-10.02
2020-07-28 19:00:37.288856,-0.04,-10.06
2020-07-28 19:00:42.293655,-0.04,-9.92
2020-07-28 19:00:47.297087,-0.04,-10.07
2020-07-28 19:00:52.299467,-0.04,-10.04
2020-07-28 19:00:57.304421,-0.04,-9.77
2020-07-28 19:01:02.308384,-0.04,-9.9
2020-07-28 19:01:07.314275,-0.04,-10.04
2020-07-28 19:01:12.315780,-0.04,-10.01
2020-07-28 19:01:17.318263,-0.04,-9.92
2020-07-28 19:01:22.323997,-0.04,-10.05
2020-07-28 19:01:27.328458,-0.04,-9.87
2020-07-28 19:01:32.330810,-0.04,-9.92
2020-07-28 19:01:37.335412,-0.04,-9.92
2020-07-28 19:01:42.339529,-0.04,-9.82
2020-07-28 19:01:47.341513,-0.04,-9.96
2020-07-28 19:01:52.345782,-0.04,-10.02
2020-07-28 19:01:57.350925,-0.04,-9.85
2020-07-28 19:02:02.351773,-0.04,-9.95
2020-07-28 19:02:07.357284,-0.04,-10.1
2020-07-28 19:02:12.361773,-0.04,-9.96
2020-07-28 19:02:17.366848,-0.04,-9.87
2020-07-28 19:02:22.367355,-0.04,-9.96
2020-07-28 19:02:27.372781,-0.04,-9.95
2020-07-28 19:02:32.377753,-0.04,-9.96
2020-07-28 19:02:37.381041,-0.04,-9.9
2020-07-28 19:02:42.382942,-0.04,-10.12
2020-07-28 19:02:47.387550,-0.04,-10.02
2020-07-28 19:02:52.392795,-0.04,-10.02
2020-07-28 19:02:57.397801,-0.04,-9.94
2020-07-28 19:03:02.401793,-0.04,-9.96
2020-07-28 19:03:07.403794,-0.04,-10.02
2020-07-28 19:03:12.408912,-0.04,-9.91
2020-07-28 19:03:17.413535,-0.04,-10.27
2020-07-28 19:03:22.413214,-0.04,-10.12
2020-07-28 19:03:27.420267,-0.04,-10.12
2020-07-28 19:03:32.423318,-0.04,-10.13
2020-07-28 19:03:37.425680,-0.04,-10.21
2020-07-28 19:03:42.429942,-0.05,-10.39
2020-07-28 19:03:47.434555,-0.04,-10.16
2020-07-28 19:03:52.441294,-0.04,-10.2
2020-07-28 19:03:57.440401,-0.04,-10.16
2020-07-28 19:04:02.445860,-0.04,-9.98
2020-07-28 19:04:07.451801,-0.04,-9.97
2020-07-28 19:04:12.455034,-0.04,-10.25
2020-07-28 19:04:17.455824,-0.04,-10.06
2020-07-28 19:04:22.461773,-0.04,-10.11
2020-07-28 19:04:27.465843,-0.04,-10.15
2020-07-28 19:04:32.467755,-0.04,-10.19
2020-07-28 19:04:37.472773,-0.04,-9.94
2020-07-28 19:04:42.477288,-0.04,-10.14
2020-07-28 19:04:47.480555,-0.04,-10.17
2020-07-28 19:04:52.482792,-0.04,-10.22
2020-07-28 19:04:57.488892,-0.04,-10.04
2020-07-28 19:05:02.492779,-0.04,-10.22
2020-07-28 19:05:07.494152,-0.04,-10.04
2020-07-28 19:05:12.499098,-0.04,-10.23
2020-07-28 19:05:17.502002,-0.04,-10.15
2020-07-28 19:05:22.507950,-0.04,-10.16
2020-07-28 19:05:27.511798,-0.04,-10.04
2020-07-28 19:05:32.514292,-0.04,-10.24
2020-07-28 19:05:37.518881,-0.04,-10.09
2020-07-28 19:05:42.522698,-0.04,-9.87
2020-07-28 19:05:47.525491,-0.04,-10.11
2020-07-28 19:05:52.530432,-0.04,-10.34
2020-07-28 19:05:57.534310,-0.04,-9.97
2020-07-28 19:06:02.535579,-0.04,-10.06
2020-07-28 19:06:07.541812,-0.04,-10.09
2020-07-28 19:06:12.545580,-0.04,-10.13
2020-07-28 19:06:17.547291,-0.04,-10.05
2020-07-28 19:06:22.550846,-0.04,-10.19
2020-07-28 19:06:27.556834,-0.04,-10.09
2020-07-28 19:06:32.560751,-0.04,-10.19
2020-07-28 19:06:37.565284,-0.04,-9.98
2020-07-28 19:06:42.568567,-0.04,-10.13
2020-07-28 19:06:47.572770,-0.04,-10.15
2020-07-28 19:06:52.575891,-0.04,-10.09
2020-07-28 19:06:57.578011,-0.04,-10.12
2020-07-28 19:07:02.583610,-0.04,-10.18
2020-07-28 19:07:07.587147,-0.04,-10.18
2020-07-28 19:07:12.588788,-0.04,-10.12
2020-07-28 19:07:17.594006,-0.04,-10.18
2020-07-28 19:07:22.598919,-0.04,-10.21
2020-07-28 19:07:27.601769,-0.04,-10.15
2020-07-28 19:07:32.604784,-0.04,-10.33
2020-07-28 19:07:37.609637,-0.04,-10.32
2020-07-28 19:07:42.614254,-0.04,-10.23
2020-07-28 19:07:47.618467,-0.05,-10.45
2020-07-28 19:07:52.620370,-0.04,-10.22
2020-07-28 19:07:57.624089,-0.04,-10.29
2020-07-28 19:08:02.629286,-0.04,-10.21
2020-07-28 19:08:07.631097,-0.05,-10.4
2020-07-28 19:08:12.635807,-0.05,-10.6
2020-07-28 19:08:17.639934,-0.04,-10.34
2020-07-28 19:08:22.643817,-0.04,-10.29
2020-07-28 19:08:27.646765,-0.04,-10.31
2020-07-28 19:08:32.651457,-0.04,-10.26
2020-07-28 19:08:37.656820,-0.04,-10.09
2020-07-28 19:08:42.660518,-0.04,-10.28
2020-07-28 19:08:47.662760,-0.04,-10.2
2020-07-28 19:08:52.667389,-0.04,-10.14
2020-07-28 19:08:57.671773,-0.05,-10.39
2020-07-28 19:09:02.672777,-0.04,-10.19
2020-07-28 19:09:07.678040,-0.04,-10.12
2020-07-28 19:09:12.682358,-0.04,-10.18
2020-07-28 19:09:17.685896,-0.05,-10.38
2020-07-28 19:09:22.692300,-0.04,-10.14
2020-07-28 19:09:27.693777,-0.04,-10.22
2020-07-28 19:09:32.698791,-0.05,-10.41
2020-07-28 19:09:37.702012,-0.04,-10.32
2020-07-28 19:09:42.705286,-0.04,-10.19
2020-07-28 19:09:47.708884,-0.05,-10.49
2020-07-28 19:09:52.713329,-0.04,-10.28
2020-07-28 19:09:57.715264,-0.04,-10.12
2020-07-28 19:10:02.719954,-0.04,-10.24
2020-07-28 19:10:07.725129,-0.04,-10.2
2020-07-28 19:10:12.729773,-0.04,-10.14
2020-07-28 19:10:17.730919,-0.04,-10.32
2020-07-28 19:10:22.735862,-0.04,-10.23
2020-07-28 19:10:27.740274,-0.04,-10.17
2020-07-28 19:10:32.744681,-0.04,-10.21
2020-07-28 19:10:37.745417,-0.04,-10.08
2020-07-28 19:10:42.752043,-0.04,-10.12
2020-07-28 19:10:47.755604,-0.04,-10.26
2020-07-28 19:10:52.758163,-0.04,-10.18
2020-07-28 19:10:57.763674,-0.04,-10.07
2020-07-28 19:11:02.766872,-0.04,-10.18
2020-07-28 19:11:07.768913,-0.04,-10.19
2020-07-28 19:11:12.772793,-0.04,-10.2
2020-07-28 19:11:17.777680,-0.04,-10.02
2020-07-28 19:11:22.782303,-0.04,-10.0
2020-07-28 19:11:27.783724,-0.04,-10.02
2020-07-28 19:11:32.788634,-0.05,-10.41
2020-07-28 19:11:37.793780,-0.04,-10.12
2020-07-28 19:11:42.797466,-0.04,-10.0
2020-07-28 19:11:47.799033,-0.04,-9.97
2020-07-28 19:11:52.804325,-0.04,-9.94
2020-07-28 19:11:57.808316,-0.04,-9.97
2020-07-28 19:12:02.812109,-0.04,-10.08
2020-07-28 19:12:07.815056,-0.04,-9.95
2020-07-28 19:12:12.818991,-0.04,-9.85
2020-07-28 19:12:17.823872,-0.04,-10.04
2020-07-28 19:12:22.825150,-0.04,-9.9
2020-07-28 19:12:27.831151,-0.04,-9.97
2020-07-28 19:12:32.835667,-0.04,-9.96
2020-07-28 19:12:37.836526,-0.04,-10.01
2020-07-28 19:12:42.840856,-0.04,-9.96
2020-07-28 19:12:47.846400,-0.04,-9.92
2020-07-28 19:12:52.849886,-0.04,-9.91
2020-07-28 19:12:57.854183,-0.04,-9.98
2020-07-28 19:13:02.857887,-0.04,-9.81
2020-07-28 19:13:07.861771,-0.04,-9.94
2020-07-28 19:13:12.865934,-0.04,-9.87
2020-07-28 19:13:17.865958,-0.04,-9.86
2020-07-28 19:13:22.872779,-0.04,-9.99
2020-07-28 19:13:27.877700,-0.04,-9.97
2020-07-28 19:13:32.878597,-0.04,-10.13
2020-07-28 19:13:37.883793,-0.04,-10.1
2020-07-28 19:13:42.888471,-0.04,-10.3
2020-07-28 19:13:47.889326,-0.04,-10.3
2020-07-28 19:13:52.894257,-0.04,-10.14
2020-07-28 19:13:57.899253,-0.04,-10.25
2020-07-28 19:14:02.905881,-0.04,-10.21
2020-07-28 19:14:07.908025,-0.04,-10.08
2020-07-28 19:14:12.909933,-0.04,-10.09
2020-07-28 19:14:17.915860,-0.04,-10.13
2020-07-28 19:14:22.918767,-0.04,-10.16
2020-07-28 19:14:27.920658,-0.04,-10.33
2020-07-28 19:14:32.925169,-0.04,-10.27
2020-07-28 19:14:37.929270,-0.04,-9.96
2020-07-28 19:14:42.934473,-0.04,-9.93
2020-07-28 19:14:47.939333,-0.04,-10.01
2020-07-28 19:14:52.941754,-0.04,-10.09
2020-07-28 19:14:57.946014,-0.04,-9.94
2020-07-28 19:15:02.950105,-0.04,-9.99
2020-07-28 19:15:07.952786,-0.04,-9.98
2020-07-28 19:15:12.955599,-0.04,-9.92
2020-07-28 19:15:17.963429,-0.04,-9.98
2020-07-28 19:15:22.962775,-0.04,-10.04
2020-07-28 19:15:27.968010,-0.04,-9.82
2020-07-28 19:15:32.972771,-0.04,-10.16
2020-07-28 19:15:37.976504,-0.04,-10.14
2020-07-28 19:15:42.980945,-0.04,-10.3
2020-07-28 19:15:47.982777,-0.04,-10.21
2020-07-28 19:15:52.987961,-0.04,-10.13
2020-07-28 19:15:57.991451,-0.04,-10.22
2020-07-28 19:16:02.994076,-0.04,-9.92
2020-07-28 19:16:07.999247,-0.04,-10.05
2020-07-28 19:16:13.002789,-0.04,-10.18
2020-07-28 19:16:18.004812,-0.04,-10.08
2020-07-28 19:16:23.009911,-0.04,-10.1
2020-07-28 19:16:28.014681,-0.04,-9.98
2020-07-28 19:16:33.015177,-0.04,-10.01
2020-07-28 19:16:38.019809,-0.04,-9.83
2020-07-28 19:16:43.025123,-0.04,-10.15
2020-07-28 19:16:48.030361,-0.04,-9.98
2020-07-28 19:16:53.033786,-0.04,-10.11
2020-07-28 19:16:58.036551,-0.04,-10.19
2020-07-28 19:17:03.041613,-0.04,-10.3
2020-07-28 19:17:08.044853,-0.04,-9.94
2020-07-28 19:17:13.046882,-0.04,-10.17
2020-07-28 19:17:18.050421,-0.04,-9.97
2020-07-28 19:17:23.055722,-0.04,-9.9
2020-07-28 19:17:28.059598,-0.04,-10.15
2020-07-28 19:17:33.062836,-0.04,-9.96
2020-07-28 19:17:38.066734,-0.04,-9.99
2020-07-28 19:17:43.070028,-0.04,-10.05
2020-07-28 19:17:48.072884,-0.04,-10.15
2020-07-28 19:17:53.077838,-0.04,-10.07
2020-07-28 19:17:58.082779,-0.04,-10.17
2020-07-28 19:18:03.086987,-0.04,-10.08
2020-07-28 19:18:08.088557,-0.04,-10.3
2020-07-28 19:18:13.093783,-0.04,-9.95
2020-07-28 19:18:18.097785,-0.04,-9.97
2020-07-28 19:18:23.099682,-0.04,-10.18
2020-07-28 19:18:28.104616,-0.04,-10.29
2020-07-28 19:18:33.109554,-0.04,-10.24
2020-07-28 19:18:38.112684,-0.04,-9.99
2020-07-28 19:18:43.114358,-0.04,-10.09
2020-07-28 19:18:48.119681,-0.04,-9.98
2020-07-28 19:18:53.124924,-0.04,-10.11
2020-07-28 19:18:58.125933,-0.04,-9.91
2020-07-28 19:19:03.131785,-0.04,-10.13
2020-07-28 19:19:08.135965,-0.04,-10.15
2020-07-28 19:19:13.139776,-0.04,-10.22
2020-07-28 19:19:18.139856,-0.05,-10.45
2020-07-28 19:19:23.146672,-0.04,-9.99
2020-07-28 19:19:28.151973,-0.04,-10.26
2020-07-28 19:19:33.155516,-0.04,-10.09
2020-07-28 19:19:38.156844,-0.04,-10.1
2020-07-28 19:19:43.162243,-0.04,-10.13
2020-07-28 19:19:48.167086,-0.04,-10.28
2020-07-28 19:19:53.168147,-0.04,-9.93
2020-07-28 19:19:58.171987,-0.04,-9.97
2020-07-28 19:20:03.176682,-0.04,-10.02
2020-07-28 19:20:08.179277,-0.04,-9.87
2020-07-28 19:20:13.183781,-0.04,-10.1
2020-07-28 19:20:18.188735,-0.04,-9.98
2020-07-28 19:20:23.192800,-0.04,-9.98
2020-07-28 19:20:28.197578,-0.04,-9.92
2020-07-28 19:20:33.199492,-0.04,-10.09
2020-07-28 19:20:38.204785,-0.04,-10.17
2020-07-28 19:20:43.209920,-0.04,-10.21
2020-07-28 19:20:48.213826,-0.04,-10.08
2020-07-28 19:20:53.215010,-0.04,-10.07
2020-07-28 19:20:58.220131,-0.04,-10.21
2020-07-28 19:21:03.224843,-0.04,-10.2
2020-07-28 19:21:08.228916,-0.04,-10.12
2020-07-28 19:21:13.230837,-0.04,-10.13
2020-07-28 19:21:18.236084,-0.04,-10.22
2020-07-28 19:21:23.238622,-0.04,-9.95
2020-07-28 19:21:28.242039,-0.04,-10.24
2020-07-28 19:21:33.246780,-0.04,-10.16
2020-07-28 19:21:38.252255,-0.05,-10.46
2020-07-28 19:21:43.251773,-0.04,-10.34
2020-07-28 19:21:48.256959,-0.04,-10.05
2020-07-28 19:21:53.261859,-0.04,-10.05
2020-07-28 19:21:58.267116,-0.04,-10.16
2020-07-28 19:22:03.267686,-0.04,-10.14
2020-07-28 19:22:08.272780,-0.04,-10.15
2020-07-28 19:22:13.278348,-0.04,-10.3
2020-07-28 19:22:18.281389,-0.04,-10.34
2020-07-28 19:22:23.282605,-0.04,-10.18
2020-07-28 19:22:28.288571,-0.04,-10.28
2020-07-28 19:22:33.291794,-0.05,-10.36
2020-07-28 19:22:38.293792,-0.04,-10.23
2020-07-28 19:22:43.299306,-0.04,-10.33
2020-07-28 19:22:48.304244,-0.04,-10.21
2020-07-28 19:22:53.304349,-0.04,-10.34
2020-07-28 19:22:58.309914,-0.04,-10.25
2020-07-28 19:23:03.314973,-0.04,-10.3
2020-07-28 19:23:08.319576,-0.04,-10.22
2020-07-28 19:23:13.322771,-0.04,-10.32
2020-07-28 19:23:18.326092,-0.04,-10.25
2020-07-28 19:23:23.330302,-0.04,-10.15
2020-07-28 19:23:28.334968,-0.05,-10.35
2020-07-28 19:23:33.336435,-0.04,-10.33
2020-07-28 19:23:38.341374,-0.05,-10.53
2020-07-28 19:23:43.346071,-0.05,-10.5
2020-07-28 19:23:48.347171,-0.04,-10.24
2020-07-28 19:23:53.351934,-0.04,-10.34
2020-07-28 19:23:58.356075,-0.05,-10.49
2020-07-28 19:24:03.360235,-0.05,-10.47
2020-07-28 19:24:08.362277,-0.05,-10.46
2020-07-28 19:24:13.366373,-0.05,-10.39
2020-07-28 19:24:18.372899,-0.05,-10.54
2020-07-28 19:24:23.376783,-0.05,-10.57
2020-07-28 19:24:28.377996,-0.05,-10.5
2020-07-28 19:24:33.382788,-0.04,-10.27
2020-07-28 19:24:38.387036,-0.04,-10.21
2020-07-28 19:24:43.390731,-0.04,-10.15
2020-07-28 19:24:48.393169,-0.04,-10.19
2020-07-28 19:24:53.398113,-0.04,-10.32
2020-07-28 19:24:58.403150,-0.04,-10.04
2020-07-28 19:25:03.404858,-0.04,-10.26
2020-07-28 19:25:08.409879,-0.04,-10.27
2020-07-28 19:25:13.413746,-0.05,-10.45
2020-07-28 19:25:18.414853,-0.04,-10.17
2020-07-28 19:25:23.420580,-0.04,-10.09
2020-07-28 19:25:28.425524,-0.04,-10.11
2020-07-28 19:25:33.429009,-0.04,-9.98
2020-07-28 19:25:38.431944,-0.04,-9.83
2020-07-28 19:25:43.435942,-0.04,-9.93
2020-07-28 19:25:48.441175,-0.04,-9.96
2020-07-28 19:25:53.445069,-0.04,-10.09
2020-07-28 19:25:58.447210,-0.04,-10.02
2020-07-28 19:26:03.452774,-0.04,-10.05
2020-07-28 19:26:08.456813,-0.04,-9.9
2020-07-28 19:26:13.457750,-0.04,-10.01
2020-07-28 19:26:18.462787,-0.04,-9.89
2020-07-28 19:26:23.466837,-0.04,-9.98
2020-07-28 19:26:28.472614,-0.04,-9.87
2020-07-28 19:26:33.472964,-0.04,-9.95
2020-07-28 19:26:38.479295,-0.04,-9.83
2020-07-28 19:26:43.483559,-0.04,-10.03
2020-07-28 19:26:48.486304,-0.04,-9.73
2020-07-28 19:26:53.487276,-0.04,-9.8
2020-07-28 19:26:58.493961,-0.04,-9.72
2020-07-28 19:27:03.498122,-0.04,-9.85
2020-07-28 19:27:08.502773,-0.04,-9.81
2020-07-28 19:27:13.505961,-0.04,-9.81
2020-07-28 19:27:18.509660,-0.04,-9.91
2020-07-28 19:27:23.514775,-0.04,-9.95
2020-07-28 19:27:28.517778,-0.04,-9.82
2020-07-28 19:27:33.520143,-0.04,-9.96
2020-07-28 19:27:38.524795,-0.04,-9.81
2020-07-28 19:27:43.529195,-0.04,-9.95
2020-07-28 19:27:48.531706,-0.04,-10.02
2020-07-28 19:27:53.535386,-0.04,-10.08
2020-07-28 19:27:58.539806,-0.04,-10.04
2020-07-28 19:28:03.541786,-0.04,-9.98
2020-07-28 19:28:08.545990,-0.04,-9.98
2020-07-28 19:28:13.549863,-0.04,-10.02
2020-07-28 19:28:18.555786,-0.04,-9.93
2020-07-28 19:28:23.556961,-0.04,-10.09
2020-07-28 19:28:28.562666,-0.04,-9.99
2020-07-28 19:28:33.567034,-0.04,-9.81
2020-07-28 19:28:38.570826,-0.04,-9.64
2020-07-28 19:28:43.572798,-0.04,-9.75
2020-07-28 19:28:48.578132,-0.04,-9.8
2020-07-28 19:28:53.583073,-0.04,-9.79
2020-07-28 19:28:58.583962,-0.04,-9.76
2020-07-28 19:29:03.588191,-0.04,-9.96
2020-07-28 19:29:08.593780,-0.04,-9.77
2020-07-28 19:29:13.594735,-0.04,-9.82
2020-07-28 19:29:18.598586,-0.04,-9.84
2020-07-28 19:29:23.604913,-0.04,-9.88
2020-07-28 19:29:28.609478,-0.04,-9.88
2020-07-28 19:29:33.609166,-0.04,-10.06
2020-07-28 19:29:38.616869,-0.04,-10.04
2020-07-28 19:29:43.619887,-0.04,-9.91
2020-07-28 19:29:48.624081,-0.04,-9.95
2020-07-28 19:29:53.625704,-0.04,-10.03
2020-07-28 19:29:58.630917,-0.04,-10.01
2020-07-28 19:30:03.634310,-0.04,-9.87
2020-07-28 19:30:08.636720,-0.04,-9.95
2020-07-28 19:30:13.642625,-0.04,-9.95
2020-07-28 19:30:18.646821,-0.04,-9.94
2020-07-28 19:30:23.647486,-0.04,-9.9
2020-07-28 19:30:28.651745,-0.04,-9.63
2020-07-28 19:30:33.656327,-0.04,-9.87
2020-07-28 19:30:38.661039,-0.04,-9.83
2020-07-28 19:30:43.666131,-0.04,-9.8
2020-07-28 19:30:48.668078,-0.04,-9.82
2020-07-28 19:30:53.671873,-0.04,-9.87
2020-07-28 19:30:58.676904,-0.04,-9.87
2020-07-28 19:31:03.678445,-0.04,-9.99
2020-07-28 19:31:08.683427,-0.04,-9.89
2020-07-28 19:31:13.687694,-0.04,-9.95
2020-07-28 19:31:18.689516,-0.04,-9.9
2020-07-28 19:31:23.694214,-0.04,-9.91
2020-07-28 19:31:28.699410,-0.04,-9.92
2020-07-28 19:31:33.703288,-0.04,-9.74
2020-07-28 19:31:38.705195,-0.04,-9.88
2020-07-28 19:31:43.710091,-0.04,-9.87
2020-07-28 19:31:48.715092,-0.04,-9.71
2020-07-28 19:31:53.720721,-0.04,-9.68
2020-07-28 19:31:58.719776,-0.04,-9.68
2020-07-28 19:32:03.725768,-0.04,-9.88
2020-07-28 19:32:08.729709,-0.04,-9.64
2020-07-28 19:32:13.733614,-0.04,-9.83
2020-07-28 19:32:18.736454,-0.04,-9.73
2020-07-28 19:32:23.740890,-0.04,-9.84
2020-07-28 19:32:28.745815,-0.04,-9.87
2020-07-28 19:32:33.749876,-0.04,-9.98
2020-07-28 19:32:38.752913,-0.04,-9.78
2020-07-28 19:32:43.757009,-0.04,-9.84
2020-07-28 19:32:48.760752,-0.04,-9.76
2020-07-28 19:32:53.763492,-0.04,-9.65
2020-07-28 19:32:58.767879,-0.04,-9.75
2020-07-28 19:33:03.772738,-0.04,-9.92
2020-07-28 19:33:08.772794,-0.04,-9.82
2020-07-28 19:33:13.778602,-0.04,-9.78
2020-07-28 19:33:18.783019,-0.04,-9.62
2020-07-28 19:33:23.788047,-0.04,-9.52
2020-07-28 19:33:28.792517,-0.04,-9.56
2020-07-28 19:33:33.793781,-0.04,-9.68
2020-07-28 19:33:38.798895,-0.04,-9.86
2020-07-28 19:33:43.803557,-0.04,-9.62
2020-07-28 19:33:48.805326,-0.04,-9.77
2020-07-28 19:33:53.809956,-0.04,-9.65
2020-07-28 19:33:58.814186,-0.04,-9.46
2020-07-28 19:34:03.814971,-0.04,-9.85
2020-07-28 19:34:08.820664,-0.04,-9.6
2020-07-28 19:34:13.825796,-0.04,-9.68
2020-07-28 19:34:18.829485,-0.04,-9.87
2020-07-28 19:34:23.830656,-0.04,-9.76
2020-07-28 19:34:28.835906,0.05,11.93
2020-07-28 19:34:33.840272,0.01,3.24
2020-07-28 19:34:38.845234,-0.04,-8.61
2020-07-28 19:34:43.847061,-0.05,-11.54
2020-07-28 19:34:48.853327,-0.06,-12.69
2020-07-28 19:34:53.855545,-0.06,-13.36
2020-07-28 19:34:58.857816,-0.06,-13.11
2020-07-28 19:35:03.862763,-0.06,-13.32
2020-07-28 19:35:08.867705,-0.06,-13.18
2020-07-28 19:35:13.871527,-0.06,-13.13
2020-07-28 19:35:18.872791,-0.06,-13.27
2020-07-28 19:35:23.878423,-0.06,-13.12
2020-07-28 19:35:28.881779,-0.06,-13.16
2020-07-28 19:35:33.884207,-0.06,-13.07
2020-07-28 19:35:38.889204,-0.06,-13.04
2020-07-28 19:35:43.894092,-0.06,-13.33
2020-07-28 19:35:48.899001,-0.06,-13.34
2020-07-28 19:35:53.899875,-0.06,-13.23
2020-07-28 19:35:58.904453,-0.06,-13.25
2020-07-28 19:36:03.908734,-0.06,-12.97
2020-07-28 19:36:08.910611,-0.06,-13.0
2020-07-28 19:36:13.914586,-0.06,-12.99
2020-07-28 19:36:18.919490,-0.06,-13.39
2020-07-28 19:36:23.923962,-0.06,-13.22
2020-07-28 19:36:28.926282,-0.06,-13.06
2020-07-28 19:36:33.930877,-0.06,-13.1
2020-07-28 19:36:38.934984,-0.07,-15.06
2020-07-28 19:36:43.937005,-0.07,-15.59
2020-07-28 19:36:48.941946,-0.07,-15.88
2020-07-28 19:36:53.946149,-0.07,-15.39
2020-07-28 19:36:58.950764,-0.07,-15.83
2020-07-28 19:37:03.952775,-0.07,-15.82
