2020-07-30 09:01:32.009690,-0.03,-6.09
2020-07-30 09:01:37.010926,-0.03,-6.12
2020-07-30 09:01:42.015861,0.06,14.05
2020-07-30 09:01:47.019907,0.06,12.81
2020-07-30 09:01:52.021143,0.05,10.53
2020-07-30 09:01:57.025495,0.01,2.04
2020-07-30 09:02:02.031545,-0.02,-4.12
2020-07-30 09:02:07.035454,-0.02,-4.14
2020-07-30 09:02:12.036389,0.01,1.17
2020-07-30 09:02:17.041663,-0.01,-2.73
2020-07-30 09:02:22.046166,-0.03,-6.91
2020-07-30 09:02:27.048062,-0.03,-6.99
2020-07-30 09:02:32.052348,-0.02,-4.3
2020-07-30 09:02:37.057967,-0.03,-6.01
2020-07-30 09:02:42.058800,-0.03,-6.66
2020-07-30 09:02:47.063558,-0.03,-6.29
2020-07-30 09:02:52.067690,-0.05,-11.89
2020-07-30 09:02:57.071279,0.04,9.51
2020-07-30 09:03:02.073553,0.03,6.17
2020-07-30 09:03:07.080058,0.03,5.9
2020-07-30 09:03:12.080947,0.02,5.49
2020-07-30 09:03:17.084330,0.02,4.88
2020-07-30 09:03:22.091582,0.02,4.93
2020-07-30 09:03:27.090655,0.02,4.52
2020-07-30 09:03:32.095005,0.03,6.97
2020-07-30 09:03:37.100891,0.09,21.02
2020-07-30 09:03:42.104767,0.11,25.98
2020-07-30 09:03:47.106654,0.12,28.11
2020-07-30 09:03:52.110892,0.12,28.37
2020-07-30 09:03:57.114490,0.11,24.68
2020-07-30 09:04:02.116537,0.09,21.14
2020-07-30 09:04:07.121586,0.1,23.0
2020-07-30 09:04:12.126590,0.28,64.02
2020-07-30 09:04:17.127982,0.28,64.36
2020-07-30 09:04:22.132335,0.33,74.94
2020-07-30 09:04:27.136735,0.2,45.94
2020-07-30 09:04:32.137599,2.29,525.73
2020-07-30 09:04:37.143304,9.79,2252.47
2020-07-30 09:04:42.147641,9.78,2250.35
2020-07-30 09:04:47.149652,9.79,2252.67
2020-07-30 09:04:52.153549,9.76,2243.8
2020-07-30 09:04:57.159543,9.76,2245.73
2020-07-30 09:05:02.160895,9.76,2244.45
2020-07-30 09:05:07.164738,9.75,2242.17
2020-07-30 09:05:12.170130,9.75,2242.06
2020-07-30 09:05:17.173721,9.74,2239.77
2020-07-30 09:05:22.176575,9.72,2236.35
2020-07-30 09:05:27.180020,9.72,2234.89
2020-07-30 09:05:32.182908,9.71,2234.01
2020-07-30 09:05:37.185781,9.71,2232.51
2020-07-30 09:05:42.190757,9.79,2252.77
2020-07-30 09:05:47.196008,9.86,2266.77
2020-07-30 09:05:52.198558,9.84,2263.96
2020-07-30 09:05:57.201585,9.85,2265.11
2020-07-30 09:06:02.206153,9.84,2262.19
2020-07-30 09:06:07.207638,9.84,2262.13
2020-07-30 09:06:12.211792,9.82,2259.1
2020-07-30 09:06:17.217008,9.81,2256.33
2020-07-30 09:06:22.219039,9.8,2254.36
2020-07-30 09:06:27.222552,9.79,2252.38
2020-07-30 09:06:32.227668,9.79,2251.8
2020-07-30 09:06:37.229164,9.78,2249.02
2020-07-30 09:06:42.233475,9.73,2238.16
2020-07-30 09:06:47.238688,9.68,2225.47
2020-07-30 09:06:52.239787,9.64,2216.2
2020-07-30 09:06:57.244463,9.64,2216.06
2020-07-30 09:07:02.248692,9.64,2216.43
2020-07-30 09:07:07.249746,9.62,2212.45
2020-07-30 09:07:12.255571,9.62,2211.61
2020-07-30 09:07:17.260138,9.61,2210.95
2020-07-30 09:07:22.264523,9.61,2211.04
2020-07-30 09:07:27.266002,9.6,2208.23
2020-07-30 09:07:32.270768,9.6,2206.92
2020-07-30 09:07:37.275923,9.59,2205.71
2020-07-30 09:07:42.275724,9.6,2207.04
2020-07-30 09:07:47.281893,9.59,2206.01
2020-07-30 09:07:52.288085,9.58,2203.52
2020-07-30 09:07:57.287552,9.67,2224.55
2020-07-30 09:08:02.292917,9.71,2232.56
2020-07-30 09:08:07.297809,9.7,2230.29
2020-07-30 09:08:12.298345,9.7,2230.76
2020-07-30 09:08:17.303571,9.68,2225.73
2020-07-30 09:08:22.309510,9.68,2227.25
2020-07-30 09:08:27.312552,9.68,2225.95
2020-07-30 09:08:32.313577,9.68,2225.31
2020-07-30 09:08:37.318433,9.66,2222.89
2020-07-30 09:08:42.322868,9.67,2224.37
2020-07-30 09:08:47.324336,9.65,2219.94
2020-07-30 09:08:52.329197,9.66,2220.9
2020-07-30 09:08:57.330260,9.58,2202.33
2020-07-30 09:09:02.335229,9.54,2195.16
2020-07-30 09:09:07.340571,9.51,2187.84
2020-07-30 09:09:12.344489,9.51,2188.36
2020-07-30 09:09:17.345766,9.51,2187.98
2020-07-30 09:09:22.350710,9.5,2183.98
2020-07-30 09:09:27.355592,9.49,2183.2
2020-07-30 09:09:32.356596,9.48,2181.07
2020-07-30 09:09:37.361580,9.48,2180.73
2020-07-30 09:09:42.368514,9.48,2180.86
2020-07-30 09:09:47.366633,9.48,2179.51
2020-07-30 09:09:52.372417,9.47,2177.14
2020-07-30 09:09:57.377606,9.46,2174.91
2020-07-30 09:10:02.381473,9.46,2175.46
2020-07-30 09:10:07.382745,9.49,2181.59
2020-07-30 09:10:12.388016,9.56,2198.07
2020-07-30 09:10:17.392501,1.08,247.76
2020-07-30 09:10:22.393700,0.2,46.73
2020-07-30 09:10:27.398877,0.2,46.35
2020-07-30 09:10:32.402894,0.2,44.94
2020-07-30 09:10:37.404231,0.2,45.89
2020-07-30 09:10:42.409398,0.2,45.73
2020-07-30 09:10:47.414055,0.2,45.61
2020-07-30 09:10:52.418942,0.2,46.17
2020-07-30 09:10:57.420383,0.2,46.29
2020-07-30 09:11:02.425375,0.2,45.82
2020-07-30 09:11:07.429618,0.2,46.86
2020-07-30 09:11:12.431801,0.11,25.96
2020-07-30 09:11:17.434960,0.1,23.46
2020-07-30 09:11:22.438658,0.11,24.31
2020-07-30 09:11:27.443592,0.1,21.88
2020-07-30 09:11:32.446551,0.1,23.49
2020-07-30 09:11:37.451387,0.1,23.54
2020-07-30 09:11:42.452310,0.11,24.53
2020-07-30 09:11:47.459562,0.11,24.18
2020-07-30 09:11:52.460902,0.1,23.91
2020-07-30 09:11:57.465822,0.1,24.1
2020-07-30 09:12:02.468963,0.1,24.15
2020-07-30 09:12:07.472550,0.11,24.55
2020-07-30 09:12:12.473496,0.11,24.46
2020-07-30 09:12:17.479293,0.1,24.14
2020-07-30 09:12:22.483576,0.1,22.97
2020-07-30 09:12:27.488427,0.2,46.97
2020-07-30 09:12:32.489603,0.13,30.96
2020-07-30 09:12:37.494612,0.1,22.74
2020-07-30 09:12:42.498167,0.09,21.29
2020-07-30 09:12:47.500882,0.1,24.15
2020-07-30 09:12:52.504861,0.11,24.23
2020-07-30 09:12:57.509976,0.1,23.88
2020-07-30 09:13:02.510621,0.11,24.38
2020-07-30 09:13:07.516698,0.11,24.2
2020-07-30 09:13:12.521578,0.1,23.51
2020-07-30 09:13:17.526706,0.1,23.57
2020-07-30 09:13:22.526549,0.1,23.75
2020-07-30 09:13:27.531773,0.1,23.02
2020-07-30 09:13:32.538337,0.1,23.94
2020-07-30 09:13:37.543378,0.1,23.93
2020-07-30 09:13:42.542229,0.1,23.99
2020-07-30 09:13:47.549753,0.1,23.75
2020-07-30 09:13:52.551945,0.1,23.58
2020-07-30 09:13:57.553573,0.1,23.34
2020-07-30 09:14:02.557900,0.1,23.73
2020-07-30 09:14:07.562942,0.11,25.89
2020-07-30 09:14:12.563130,0.11,25.44
2020-07-30 09:14:17.569772,0.12,28.61
2020-07-30 09:14:22.575175,0.12,27.9
2020-07-30 09:14:27.578483,0.1,23.52
2020-07-30 09:14:32.579665,0.12,27.97
2020-07-30 09:14:37.583902,0.12,28.33
2020-07-30 09:14:42.589309,0.12,28.01
2020-07-30 09:14:47.592750,0.12,27.96
2020-07-30 09:14:52.594924,0.12,27.86
2020-07-30 09:14:57.600053,0.12,27.5
2020-07-30 09:15:02.600671,0.12,27.57
2020-07-30 09:15:07.605352,0.12,27.88
2020-07-30 09:15:12.609885,0.12,27.65
2020-07-30 09:15:17.611570,0.11,25.8
2020-07-30 09:15:22.616447,0.12,28.17
2020-07-30 09:15:27.621562,0.2,46.29
2020-07-30 09:15:32.626355,0.2,46.23
2020-07-30 09:15:37.629393,0.2,45.57
2020-07-30 09:15:42.632480,0.2,46.67
2020-07-30 09:15:47.636593,0.21,47.64
2020-07-30 09:15:52.638036,0.2,45.79
2020-07-30 09:15:57.642714,0.2,45.46
2020-07-30 09:16:02.648191,0.2,46.85
2020-07-30 09:16:07.648478,0.2,45.85
2020-07-30 09:16:12.652965,0.2,46.96
2020-07-30 09:16:17.658374,0.21,47.57
2020-07-30 09:16:22.662082,0.17,39.2
2020-07-30 09:16:27.663839,0.11,24.2
2020-07-30 09:16:32.669181,0.11,25.75
2020-07-30 09:16:37.673528,0.11,24.74
2020-07-30 09:16:42.674464,0.1,23.14
2020-07-30 09:16:47.679358,0.11,25.24
2020-07-30 09:16:52.684463,0.11,24.97
2020-07-30 09:16:57.685390,0.11,24.8
2020-07-30 09:17:02.690687,0.11,24.91
2020-07-30 09:17:07.696032,0.11,24.79
2020-07-30 09:17:12.699845,0.11,24.17
2020-07-30 09:17:17.700890,0.11,24.61
2020-07-30 09:17:22.706413,0.11,24.7
2020-07-30 09:17:27.710412,0.11,24.61
2020-07-30 09:17:32.712519,0.1,23.18
2020-07-30 09:17:37.717131,0.15,33.46
2020-07-30 09:17:42.721758,0.2,45.69
2020-07-30 09:17:47.722764,0.21,47.16
2020-07-30 09:17:52.727417,0.21,47.9
2020-07-30 09:17:57.732760,0.21,47.43
2020-07-30 09:18:02.733390,0.21,48.18
2020-07-30 09:18:07.738162,0.21,47.78
2020-07-30 09:18:12.743336,0.2,46.76
2020-07-30 09:18:17.748323,0.07,15.31
2020-07-30 09:18:22.749603,0.11,25.19
2020-07-30 09:18:27.754273,0.16,35.85
2020-07-30 09:18:32.758387,0.12,27.82
2020-07-30 09:18:37.759710,-0.07,-15.7
2020-07-30 09:18:42.765109,-0.08,-18.02
2020-07-30 09:18:47.769502,0.04,8.16
2020-07-30 09:18:52.770948,-0.0,-0.91
2020-07-30 09:18:57.775289,0.03,7.23
2020-07-30 09:19:02.780343,0.02,5.12
2020-07-30 09:19:07.785343,0.02,4.04
2020-07-30 09:19:12.788755,0.02,3.58
2020-07-30 09:19:17.790519,0.01,3.25
2020-07-30 09:19:22.795636,0.01,2.88
2020-07-30 09:19:27.800429,0.01,2.94
2020-07-30 09:19:32.801420,0.01,2.82
2020-07-30 09:19:37.807171,0.1,23.93
2020-07-30 09:19:42.811617,0.1,22.16
2020-07-30 09:19:47.812956,0.11,25.29
2020-07-30 09:19:52.817298,0.12,28.03
2020-07-30 09:19:57.822640,0.11,26.1
2020-07-30 09:20:02.823764,0.09,21.28
2020-07-30 09:20:07.830789,0.08,19.13
2020-07-30 09:20:12.833849,0.07,15.3
2020-07-30 09:20:17.838449,0.07,15.1
2020-07-30 09:20:22.839286,0.37,85.81
2020-07-30 09:20:27.843631,0.42,96.97
2020-07-30 09:20:32.850274,0.42,97.06
2020-07-30 09:20:37.852565,0.26,59.37
2020-07-30 09:20:42.854852,0.17,39.88
2020-07-30 09:20:47.861389,0.13,29.39
2020-07-30 09:20:52.860324,0.1,23.39
2020-07-30 09:20:57.865581,0.1,23.28
2020-07-30 09:21:02.869819,0.11,24.82
2020-07-30 09:21:07.875048,0.13,30.73
2020-07-30 09:21:12.876471,0.12,28.56
2020-07-30 09:21:17.881221,9.25,2126.71
2020-07-30 09:21:22.886257,9.59,2206.34
2020-07-30 09:21:27.892425,9.59,2205.81
2020-07-30 09:21:32.892455,9.59,2205.05
2020-07-30 09:21:37.896648,9.72,2235.32
2020-07-30 09:21:42.901781,9.73,2237.14
2020-07-30 09:21:47.902562,9.72,2236.35
2020-07-30 09:21:52.907713,9.72,2236.03
2020-07-30 09:21:57.912403,9.72,2235.69
2020-07-30 09:22:02.913080,9.72,2234.47
2020-07-30 09:22:07.918482,9.71,2234.35
2020-07-30 09:22:12.923055,9.71,2232.81
2020-07-30 09:22:17.927708,9.69,2229.43
2020-07-30 09:22:22.928757,9.68,2226.57
2020-07-30 09:22:27.933433,9.62,2212.08
2020-07-30 09:22:32.938759,9.76,2245.1
2020-07-30 09:22:37.943085,9.76,2245.34
2020-07-30 09:22:42.944667,9.75,2242.13
2020-07-30 09:22:47.948904,9.76,2244.56
2020-07-30 09:22:52.954246,9.74,2240.58
2020-07-30 09:22:57.954767,9.74,2241.19
2020-07-30 09:23:02.960530,9.75,2242.15
2020-07-30 09:23:07.965477,9.74,2239.86
2020-07-30 09:23:12.965816,9.73,2238.09
2020-07-30 09:23:17.971157,9.74,2239.35
2020-07-30 09:23:22.975500,9.73,2237.03
2020-07-30 09:23:27.980227,9.66,2221.4
2020-07-30 09:23:32.981469,9.52,2190.7
2020-07-30 09:23:37.987255,9.49,2182.02
2020-07-30 09:23:42.992268,9.48,2179.72
2020-07-30 09:23:47.993549,9.52,2189.7
2020-07-30 09:23:52.997772,9.63,2215.02
2020-07-30 09:23:58.002451,9.64,2216.98
2020-07-30 09:24:03.006833,9.62,2212.97
2020-07-30 09:24:08.008119,9.62,2213.62
2020-07-30 09:24:13.013140,9.62,2211.58
2020-07-30 09:24:18.017741,9.62,2211.54
2020-07-30 09:24:23.018386,9.61,2209.32
2020-07-30 09:24:28.023914,9.6,2207.75
2020-07-30 09:24:33.028316,8.35,1920.7
2020-07-30 09:24:38.032673,0.2,46.12
2020-07-30 09:24:43.034336,0.19,43.16
2020-07-30 09:24:48.039822,0.32,73.08
2020-07-30 09:24:53.043564,0.31,72.08
2020-07-30 09:24:58.045169,0.31,72.36
2020-07-30 09:25:03.049619,0.32,72.51
2020-07-30 09:25:08.054892,0.31,71.86
2020-07-30 09:25:13.059381,0.32,72.99
2020-07-30 09:25:18.061708,0.31,72.07
2020-07-30 09:25:23.065638,0.32,72.9
2020-07-30 09:25:28.071132,0.31,71.86
2020-07-30 09:25:33.071036,0.31,71.76
2020-07-30 09:25:38.077102,0.31,71.87
2020-07-30 09:25:43.081387,0.18,41.16
2020-07-30 09:25:48.085369,0.09,21.05
2020-07-30 09:25:53.090549,0.1,21.85
2020-07-30 09:25:58.091616,0.08,18.46
2020-07-30 09:26:03.096892,0.16,37.68
2020-07-30 09:26:08.101152,0.25,58.33
2020-07-30 09:26:13.102964,0.25,58.02
2020-07-30 09:26:18.107604,0.25,58.52
2020-07-30 09:26:23.112586,0.25,58.35
2020-07-30 09:26:28.116681,0.25,57.92
2020-07-30 09:26:33.118576,0.25,57.94
2020-07-30 09:26:38.122474,0.25,57.78
2020-07-30 09:26:43.128340,0.26,58.85
2020-07-30 09:26:48.129689,0.26,58.68
2020-07-30 09:26:53.133590,0.18,40.57
2020-07-30 09:26:58.138428,0.27,61.01
2020-07-30 09:27:03.144294,0.34,78.33
2020-07-30 09:27:08.144565,0.34,78.37
2020-07-30 09:27:13.148907,0.34,78.27
2020-07-30 09:27:18.154733,0.34,78.03
2020-07-30 09:27:23.158207,0.34,78.65
2020-07-30 09:27:28.160532,0.34,79.01
2020-07-30 09:27:33.165732,0.34,78.91
2020-07-30 09:27:38.169102,0.34,78.91
2020-07-30 09:27:43.171717,0.34,78.87
2020-07-30 09:27:48.175984,0.34,78.83
2020-07-30 09:27:53.181961,0.34,78.89
2020-07-30 09:27:58.185764,0.16,37.79
2020-07-30 09:28:03.186772,0.12,28.43
2020-07-30 09:28:08.193317,0.13,29.01
2020-07-30 09:28:13.198790,0.11,25.49
2020-07-30 09:28:18.198582,0.24,54.21
2020-07-30 09:28:23.202551,0.29,66.96
2020-07-30 09:28:28.207627,0.29,66.75
2020-07-30 09:28:33.212624,0.29,66.04
2020-07-30 09:28:38.213779,0.29,66.37
2020-07-30 09:28:43.218774,0.29,66.51
2020-07-30 09:28:48.222549,0.29,66.59
2020-07-30 09:28:53.226981,0.29,65.96
2020-07-30 09:28:58.229516,0.29,65.73
2020-07-30 09:29:03.233333,0.28,65.39
2020-07-30 09:29:08.237836,0.15,33.96
2020-07-30 09:29:13.239720,0.31,70.84
2020-07-30 09:29:18.245630,0.34,78.26
2020-07-30 09:29:23.248525,0.34,79.15
2020-07-30 09:29:28.254593,0.35,79.39
2020-07-30 09:29:33.254645,0.34,78.87
2020-07-30 09:29:38.259917,0.34,79.24
2020-07-30 09:29:43.267105,0.35,79.68
2020-07-30 09:29:48.268850,0.34,79.26
2020-07-30 09:29:53.273031,0.34,78.93
2020-07-30 09:29:58.276713,0.34,79.22
2020-07-30 09:30:03.279841,0.34,78.86
2020-07-30 09:30:08.282530,0.34,78.2
2020-07-30 09:30:13.286211,0.12,27.46
2020-07-30 09:30:18.291639,0.12,28.54
2020-07-30 09:30:23.293488,0.13,29.36
2020-07-30 09:30:28.297565,0.11,24.75
2020-07-30 09:30:33.302351,0.27,62.97
2020-07-30 09:30:38.307467,0.29,66.68
2020-07-30 09:30:43.308671,0.29,66.02
2020-07-30 09:30:48.313826,0.29,66.36
2020-07-30 09:30:53.318040,0.29,66.64
2020-07-30 09:30:58.322697,0.29,66.78
2020-07-30 09:31:03.324018,0.29,67.85
2020-07-30 09:31:08.330894,0.29,67.45
2020-07-30 09:31:13.333449,0.29,67.84
2020-07-30 09:31:18.338109,0.29,66.36
2020-07-30 09:31:23.338634,0.14,32.8
2020-07-30 09:31:28.346135,0.35,80.37
2020-07-30 09:31:33.348768,0.35,80.96
2020-07-30 09:31:38.352231,0.35,80.5
2020-07-30 09:31:43.355168,0.35,81.51
2020-07-30 09:31:48.360063,0.35,81.49
2020-07-30 09:31:53.364954,0.35,81.52
2020-07-30 09:31:58.365873,0.35,80.99
2020-07-30 09:32:03.370749,0.35,81.26
2020-07-30 09:32:08.375786,0.35,80.58
2020-07-30 09:32:13.380065,0.36,81.82
2020-07-30 09:32:18.380743,0.35,81.42
2020-07-30 09:32:23.386742,0.31,71.29
2020-07-30 09:32:28.391259,0.12,27.85
2020-07-30 09:32:33.391546,0.13,30.36
2020-07-30 09:32:38.396416,0.13,29.89
2020-07-30 09:32:43.401828,0.11,26.36
2020-07-30 09:32:48.406105,0.31,70.29
2020-07-30 09:32:53.407937,0.32,72.82
2020-07-30 09:32:58.412687,0.32,73.14
2020-07-30 09:33:03.412770,0.31,71.36
2020-07-30 09:33:08.417716,0.3,69.92
2020-07-30 09:33:13.423900,0.3,69.56
2020-07-30 09:33:18.428382,0.3,69.52
2020-07-30 09:33:23.432542,0.31,70.33
2020-07-30 09:33:28.433827,0.3,69.57
2020-07-30 09:33:33.439247,0.29,67.2
2020-07-30 09:33:38.444336,0.16,36.97
2020-07-30 09:33:43.445559,0.36,82.93
2020-07-30 09:33:48.449204,0.36,82.9
2020-07-30 09:33:53.456828,0.36,83.27
2020-07-30 09:33:58.456825,0.36,82.67
2020-07-30 09:34:03.460266,0.36,83.13
2020-07-30 09:34:08.466731,0.36,83.03
2020-07-30 09:34:13.466732,0.36,82.79
2020-07-30 09:34:18.471804,0.36,82.64
2020-07-30 09:34:23.476678,0.36,82.42
2020-07-30 09:34:28.480562,0.36,83.02
2020-07-30 09:34:33.486106,0.36,81.9
2020-07-30 09:34:38.488176,0.3,67.9
2020-07-30 09:34:43.491219,0.12,27.84
2020-07-30 09:34:48.496926,0.14,31.74
2020-07-30 09:34:53.499887,0.13,29.74
2020-07-30 09:34:58.503180,0.14,33.29
2020-07-30 09:35:03.507577,0.3,68.22
2020-07-30 09:35:08.507711,0.29,67.49
2020-07-30 09:35:13.513924,0.3,68.04
2020-07-30 09:35:18.519592,0.29,67.48
2020-07-30 09:35:23.522897,0.3,68.6
2020-07-30 09:35:28.525756,0.3,69.11
2020-07-30 09:35:33.528602,0.3,68.04
2020-07-30 09:35:38.533530,0.3,67.95
2020-07-30 09:35:43.538566,0.3,68.22
2020-07-30 09:35:48.539046,0.24,55.35
2020-07-30 09:35:53.546754,0.2,45.06
2020-07-30 09:35:58.549179,0.35,80.94
2020-07-30 09:36:03.550333,0.35,80.68
2020-07-30 09:36:08.555674,0.35,80.12
2020-07-30 09:36:13.560508,0.35,80.2
2020-07-30 09:36:18.562413,0.35,81.13
2020-07-30 09:36:23.568346,0.34,77.13
2020-07-30 09:36:28.572054,0.32,73.51
2020-07-30 09:36:33.575946,0.29,67.72
2020-07-30 09:36:38.579400,0.29,66.93
2020-07-30 09:36:43.584700,0.3,68.25
2020-07-30 09:36:48.588788,0.29,67.48
2020-07-30 09:36:53.588579,0.29,67.55
2020-07-30 09:36:58.593588,0.29,67.13
2020-07-30 09:37:03.597876,0.29,67.19
2020-07-30 09:37:08.602110,0.29,66.75
2020-07-30 09:37:13.608761,0.29,66.61
2020-07-30 09:37:18.608583,0.29,66.8
2020-07-30 09:37:23.613558,0.29,65.69
2020-07-30 09:37:28.619564,0.29,66.12
2020-07-30 09:37:33.619166,0.29,66.26
2020-07-30 09:37:38.625565,0.29,65.55
2020-07-30 09:37:43.628790,0.28,65.47
2020-07-30 09:37:48.631580,0.29,66.4
2020-07-30 09:37:53.635825,1.65,379.04
2020-07-30 09:37:58.640449,9.71,2234.33
2020-07-30 09:38:03.644547,9.72,2235.18
2020-07-30 09:38:08.650083,9.71,2233.9
2020-07-30 09:38:13.651530,9.71,2232.68
2020-07-30 09:38:18.656592,9.69,2228.71
2020-07-30 09:38:23.660359,9.69,2228.49
2020-07-30 09:38:28.661222,9.67,2224.43
2020-07-30 09:38:33.666741,9.68,2226.21
2020-07-30 09:38:38.670520,9.66,2222.03
2020-07-30 09:38:43.674255,9.67,2223.69
2020-07-30 09:38:48.677930,9.67,2223.38
2020-07-30 09:38:53.682883,9.66,2222.14
2020-07-30 09:38:58.682552,9.66,2221.09
2020-07-30 09:39:03.688667,9.65,2220.28
2020-07-30 09:39:08.693570,9.65,2218.9
2020-07-30 09:39:13.696685,9.65,2218.77
2020-07-30 09:39:18.700246,9.63,2215.7
2020-07-30 09:39:23.704558,9.62,2213.59
2020-07-30 09:39:28.708202,9.62,2212.82
2020-07-30 09:39:33.711159,9.62,2212.87
2020-07-30 09:39:38.714707,9.62,2211.48
2020-07-30 09:39:43.719868,9.6,2208.96
2020-07-30 09:39:48.722925,9.6,2208.05
2020-07-30 09:39:53.727070,9.55,2196.72
2020-07-30 09:39:58.731554,9.54,2193.62
2020-07-30 09:40:03.736544,9.71,2233.14
2020-07-30 09:40:08.737696,9.7,2231.93
2020-07-30 09:40:13.741501,9.7,2230.2
2020-07-30 09:40:18.745666,9.69,2228.98
2020-07-30 09:40:23.750323,9.68,2226.79
2020-07-30 09:40:28.751766,9.67,2224.22
2020-07-30 09:40:33.756572,9.67,2225.1
2020-07-30 09:40:38.761377,9.66,2222.37
2020-07-30 09:40:43.762891,9.67,2223.55
2020-07-30 09:40:48.767616,9.66,2222.28
2020-07-30 09:40:53.772866,9.66,2222.07
2020-07-30 09:40:58.773537,9.65,2219.68
2020-07-30 09:41:03.778584,9.65,2219.68
2020-07-30 09:41:08.781680,9.65,2220.3
2020-07-30 09:41:13.788607,9.64,2216.78
2020-07-30 09:41:18.789912,9.64,2217.39
2020-07-30 09:41:23.793641,9.63,2214.73
2020-07-30 09:41:28.800358,9.63,2214.76
2020-07-30 09:41:33.798955,9.62,2213.67
2020-07-30 09:41:38.804183,9.61,2211.42
2020-07-30 09:41:43.810110,9.62,2212.2
2020-07-30 09:41:48.813659,9.61,2210.98
2020-07-30 09:41:53.814691,9.61,2210.17
2020-07-30 09:41:58.821596,9.46,2176.63
2020-07-30 09:42:03.826238,9.31,2142.35
2020-07-30 09:42:08.827551,9.33,2145.02
2020-07-30 09:42:13.830677,9.47,2178.11
2020-07-30 09:42:18.836517,9.47,2178.83
2020-07-30 09:42:23.840856,9.46,2174.79
2020-07-30 09:42:28.841429,9.46,2174.98
2020-07-30 09:42:33.845326,9.45,2174.57
2020-07-30 09:42:38.851054,9.44,2171.42
2020-07-30 09:42:43.853641,9.45,2173.24
2020-07-30 09:42:48.859940,9.44,2172.06
2020-07-30 09:42:53.863530,9.45,2172.66
2020-07-30 09:42:58.867132,9.45,2173.66
2020-07-30 09:43:03.870222,9.44,2170.89
2020-07-30 09:43:08.873676,9.43,2169.46
2020-07-30 09:43:13.879732,9.43,2168.58
2020-07-30 09:43:18.880376,9.42,2166.52
2020-07-30 09:43:23.884570,9.41,2164.74
2020-07-30 09:43:28.890828,9.42,2166.09
2020-07-30 09:43:33.895192,9.41,2164.52
2020-07-30 09:43:38.896632,9.4,2163.0
2020-07-30 09:43:43.900597,9.4,2162.73
2020-07-30 09:43:48.903370,9.41,2163.48
2020-07-30 09:43:53.906403,9.4,2161.25
2020-07-30 09:43:58.911364,9.38,2158.14
2020-07-30 09:44:03.916595,9.38,2157.91
2020-07-30 09:44:08.918570,9.31,2140.72
2020-07-30 09:44:13.922479,9.38,2156.6
2020-07-30 09:44:18.927950,9.48,2180.64
2020-07-30 09:44:23.930311,9.47,2178.5
2020-07-30 09:44:28.933226,9.48,2180.11
2020-07-30 09:44:33.936802,9.47,2178.05
2020-07-30 09:44:38.943006,9.45,2174.2
2020-07-30 09:44:43.944125,9.45,2174.1
2020-07-30 09:44:48.948597,9.46,2175.42
2020-07-30 09:44:53.952766,0.76,175.12
2020-07-30 09:44:58.953710,0.49,112.29
2020-07-30 09:45:03.958641,0.49,111.71
2020-07-30 09:45:08.962820,0.49,112.55
2020-07-30 09:45:13.968767,0.49,112.64
2020-07-30 09:45:18.970885,0.49,113.09
2020-07-30 09:45:23.974507,0.49,112.98
2020-07-30 09:45:28.978712,0.5,115.77
2020-07-30 09:45:33.980594,0.51,116.29
2020-07-30 09:45:38.985578,0.5,115.9
2020-07-30 09:45:43.991016,0.51,116.23
2020-07-30 09:45:48.994581,0.5,115.58
2020-07-30 09:45:53.996765,0.5,115.57
2020-07-30 09:45:59.001757,0.49,113.54
2020-07-30 09:46:04.004582,0.5,113.99
2020-07-30 09:46:09.005581,0.5,114.91
2020-07-30 09:46:14.011502,0.49,112.32
2020-07-30 09:46:19.016594,0.49,112.84
2020-07-30 09:46:24.020315,0.49,113.26
2020-07-30 09:46:29.021554,0.49,112.56
2020-07-30 09:46:34.026579,0.48,111.34
2020-07-30 09:46:39.032928,0.48,111.48
2020-07-30 09:46:44.032298,0.48,110.16
2020-07-30 09:46:49.038501,0.47,108.6
2020-07-30 09:46:54.041801,0.47,109.22
2020-07-30 09:46:59.045572,0.47,109.13
2020-07-30 09:47:04.046824,0.48,109.84
2020-07-30 09:47:09.052830,0.48,109.29
2020-07-30 09:47:14.057494,0.48,109.43
2020-07-30 09:47:19.061576,0.48,110.36
2020-07-30 09:47:24.065069,0.48,109.98
2020-07-30 09:47:29.068732,0.48,109.84
2020-07-30 09:47:34.071151,0.48,110.91
2020-07-30 09:47:39.074592,0.48,111.37
2020-07-30 09:47:44.079728,0.48,111.3
2020-07-30 09:47:49.079713,0.49,111.84
2020-07-30 09:47:54.087456,0.49,112.38
2020-07-30 09:47:59.090513,0.49,112.25
2020-07-30 09:48:04.090978,0.49,112.51
2020-07-30 09:48:09.097068,0.49,111.69
2020-07-30 09:48:14.101649,0.2,45.08
2020-07-30 09:48:19.105953,0.1,23.05
2020-07-30 09:48:24.107311,0.25,58.17
2020-07-30 09:48:29.113266,0.37,85.61
2020-07-30 09:48:34.117162,0.37,85.48
2020-07-30 09:48:39.118066,0.37,85.56
2020-07-30 09:48:44.123976,0.37,85.81
2020-07-30 09:48:49.128418,0.37,85.61
2020-07-30 09:48:54.133527,0.37,85.11
2020-07-30 09:48:59.135183,0.37,86.14
2020-07-30 09:49:04.139582,0.37,85.83
2020-07-30 09:49:09.142275,0.37,85.89
2020-07-30 09:49:14.144557,0.38,86.69
2020-07-30 09:49:19.148662,0.38,86.62
2020-07-30 09:49:24.152910,0.38,86.79
2020-07-30 09:49:29.159135,0.38,86.98
2020-07-30 09:49:34.160171,0.38,87.09
2020-07-30 09:49:39.164561,0.38,87.15
2020-07-30 09:49:44.168020,0.38,87.68
2020-07-30 09:49:49.171356,0.38,86.69
2020-07-30 09:49:54.176362,0.37,85.92
2020-07-30 09:49:59.181797,0.37,86.08
2020-07-30 09:50:04.181677,0.37,85.22
2020-07-30 09:50:09.187050,0.38,87.34
2020-07-30 09:50:14.192555,0.38,88.55
2020-07-30 09:50:19.195642,0.38,87.5
2020-07-30 09:50:24.197791,0.16,37.95
2020-07-30 09:50:29.202375,0.42,96.87
2020-07-30 09:50:34.207208,0.47,107.58
2020-07-30 09:50:39.208616,0.47,107.73
2020-07-30 09:50:44.211618,0.46,106.27
2020-07-30 09:50:49.217679,0.46,105.94
2020-07-30 09:50:54.218840,0.46,106.64
2020-07-30 09:50:59.225573,0.46,106.66
2020-07-30 09:51:04.228738,0.46,105.15
2020-07-30 09:51:09.233654,0.46,105.0
2020-07-30 09:51:14.235558,0.46,105.21
2020-07-30 09:51:19.240872,0.46,105.11
2020-07-30 09:51:24.245280,0.46,106.78
2020-07-30 09:51:29.247112,0.46,106.87
2020-07-30 09:51:34.250763,0.47,108.7
2020-07-30 09:51:39.254579,0.47,108.59
2020-07-30 09:51:44.255580,0.48,109.54
2020-07-30 09:51:49.261765,0.48,109.59
2020-07-30 09:51:54.265925,0.48,109.51
2020-07-30 09:51:59.266773,0.48,109.62
2020-07-30 09:52:04.271009,0.48,110.9
2020-07-30 09:52:09.277179,0.48,111.03
2020-07-30 09:52:14.281565,0.48,110.32
2020-07-30 09:52:19.281595,0.48,111.38
2020-07-30 09:52:24.286606,0.47,108.32
2020-07-30 09:52:29.292277,0.11,24.92
2020-07-30 09:52:34.293092,0.09,20.79
2020-07-30 09:52:39.299377,0.31,70.38
2020-07-30 09:52:44.304141,0.37,84.45
2020-07-30 09:52:49.305560,0.36,83.39
2020-07-30 09:52:54.308579,0.36,83.44
2020-07-30 09:52:59.314761,0.36,83.43
2020-07-30 09:53:04.318473,0.36,83.57
2020-07-30 09:53:09.319079,0.37,84.25
2020-07-30 09:53:14.325595,0.37,84.09
2020-07-30 09:53:19.327788,0.36,83.31
2020-07-30 09:53:24.329643,0.37,84.01
2020-07-30 09:53:29.336080,0.37,83.98
2020-07-30 09:53:34.340220,0.37,83.97
2020-07-30 09:53:39.341772,0.36,83.91
2020-07-30 09:53:44.347390,0.36,83.17
2020-07-30 09:53:49.352432,0.37,84.11
2020-07-30 09:53:54.354900,0.37,84.65
2020-07-30 09:53:59.357816,0.37,84.78
2020-07-30 09:54:04.361629,0.37,85.21
2020-07-30 09:54:09.366638,0.37,84.98
2020-07-30 09:54:14.368990,0.37,84.62
2020-07-30 09:54:19.372506,0.37,85.22
2020-07-30 09:54:24.377708,0.37,85.06
2020-07-30 09:54:29.377664,0.37,85.26
2020-07-30 09:54:34.384732,0.36,83.48
2020-07-30 09:54:39.388726,0.17,39.74
2020-07-30 09:54:44.391127,0.49,112.99
2020-07-30 09:54:49.394616,0.49,112.56
2020-07-30 09:54:54.398940,0.48,111.31
2020-07-30 09:54:59.404570,0.48,111.24
2020-07-30 09:55:04.407594,0.48,109.62
2020-07-30 09:55:09.409869,0.48,109.82
2020-07-30 09:55:14.415148,0.49,112.01
2020-07-30 09:55:19.418842,0.48,111.24
2020-07-30 09:55:24.421981,0.48,110.25
2020-07-30 09:55:29.426595,0.48,109.85
2020-07-30 09:55:34.430586,0.47,108.84
2020-07-30 09:55:39.432176,0.47,109.04
2020-07-30 09:55:44.436130,0.47,108.79
2020-07-30 09:55:49.442592,0.47,108.83
2020-07-30 09:55:54.444142,0.47,108.55
2020-07-30 09:55:59.446732,0.47,108.33
2020-07-30 09:56:04.450105,0.47,107.28
2020-07-30 09:56:09.456652,0.46,105.92
2020-07-30 09:56:14.457613,0.46,105.35
2020-07-30 09:56:19.463585,0.45,104.54
2020-07-30 09:56:24.466891,0.45,104.23
2020-07-30 09:56:29.467657,0.45,104.27
2020-07-30 09:56:34.473311,0.45,104.58
2020-07-30 09:56:39.477855,0.37,84.36
2020-07-30 09:56:44.479543,0.1,22.5
2020-07-30 09:56:49.482927,0.1,23.58
2020-07-30 09:56:54.489142,0.36,82.47
2020-07-30 09:56:59.490996,0.36,82.96
2020-07-30 09:57:04.495470,0.36,83.93
2020-07-30 09:57:09.498983,0.37,84.16
2020-07-30 09:57:14.500572,0.36,82.66
2020-07-30 09:57:19.505053,0.36,82.02
2020-07-30 09:57:24.509852,0.36,82.0
2020-07-30 09:57:29.514121,0.36,82.53
2020-07-30 09:57:34.516771,0.36,82.87
2020-07-30 09:57:39.520539,0.36,82.93
2020-07-30 09:57:44.525626,0.36,82.22
2020-07-30 09:57:49.525150,0.36,82.2
2020-07-30 09:57:54.532670,0.36,81.69
2020-07-30 09:57:59.535654,0.35,80.92
2020-07-30 09:58:04.538167,0.35,81.38
2020-07-30 09:58:09.541680,0.35,81.58
2020-07-30 09:58:14.549140,0.35,81.32
2020-07-30 09:58:19.548938,0.35,81.33
2020-07-30 09:58:24.553985,0.35,80.66
2020-07-30 09:58:29.556402,0.35,81.22
2020-07-30 09:58:34.562318,0.35,80.77
2020-07-30 09:58:39.565516,0.35,80.64
2020-07-30 09:58:44.567014,0.35,81.26
2020-07-30 09:58:49.574554,0.33,77.04
2020-07-30 09:58:54.576582,0.17,38.14
2020-07-30 09:58:59.579881,0.51,117.37
2020-07-30 09:59:04.584591,0.5,115.71
2020-07-30 09:59:09.585579,0.49,112.18
2020-07-30 09:59:14.592289,0.47,109.24
2020-07-30 09:59:19.597280,0.47,108.87
2020-07-30 09:59:24.600127,0.48,109.42
2020-07-30 09:59:29.602388,0.5,115.1
2020-07-30 09:59:34.606346,0.5,114.83
2020-07-30 09:59:39.610906,0.49,113.29
2020-07-30 09:59:44.614312,0.48,111.37
2020-07-30 09:59:49.617589,0.47,107.94
2020-07-30 09:59:54.622985,0.47,109.13
2020-07-30 09:59:59.622814,0.47,109.01
2020-07-30 10:00:04.625976,0.47,108.22
2020-07-30 10:00:09.632773,0.47,108.89
2020-07-30 10:00:14.637936,0.47,107.74
2020-07-30 10:00:19.638567,0.47,107.8
2020-07-30 10:00:24.642559,0.47,107.7
2020-07-30 10:00:29.646395,0.47,107.67
2020-07-30 10:00:34.650630,0.47,107.91
2020-07-30 10:00:39.654454,0.47,108.97
2020-07-30 10:00:44.659211,0.47,108.47
2020-07-30 10:00:49.663581,0.47,107.94
2020-07-30 10:00:54.665591,0.35,81.35
2020-07-30 10:00:59.669932,0.09,20.41
2020-07-30 10:01:04.672999,0.1,22.94
2020-07-30 10:01:09.675736,0.35,80.42
2020-07-30 10:01:14.680666,0.35,80.45
2020-07-30 10:01:19.685577,0.35,79.74
2020-07-30 10:01:24.687896,0.34,79.27
2020-07-30 10:01:29.692428,0.34,79.15
2020-07-30 10:01:34.696768,0.34,78.73
2020-07-30 10:01:39.696817,0.34,79.21
2020-07-30 10:01:44.702166,0.34,78.88
2020-07-30 10:01:49.707596,0.35,79.44
2020-07-30 10:01:54.710990,0.34,79.34
2020-07-30 10:01:59.712518,0.34,78.88
2020-07-30 10:02:04.717865,0.34,79.1
2020-07-30 10:02:09.722808,0.34,79.08
2020-07-30 10:02:14.724572,0.34,78.96
2020-07-30 10:02:19.728603,0.34,79.13
2020-07-30 10:02:24.733908,0.34,79.29
2020-07-30 10:02:29.734699,0.34,78.91
2020-07-30 10:02:34.739359,0.34,78.69
2020-07-30 10:02:39.743777,0.34,78.62
2020-07-30 10:02:44.743583,0.34,78.65
2020-07-30 10:02:49.750623,0.34,78.39
2020-07-30 10:02:54.755468,0.34,78.55
2020-07-30 10:02:59.758809,0.34,78.57
2020-07-30 10:03:04.760718,0.31,70.9
2020-07-30 10:03:09.765654,0.18,40.41
2020-07-30 10:03:14.770662,0.47,108.09
2020-07-30 10:03:19.771874,0.47,107.21
2020-07-30 10:03:24.777595,0.47,108.38
2020-07-30 10:03:29.781461,0.47,107.82
2020-07-30 10:03:34.782355,0.46,106.62
2020-07-30 10:03:39.786864,0.47,106.99
2020-07-30 10:03:44.792581,0.46,105.86
2020-07-30 10:03:49.792768,0.46,105.62
2020-07-30 10:03:54.798024,0.46,105.68
2020-07-30 10:03:59.803937,0.46,105.39
2020-07-30 10:04:04.806515,0.46,105.67
2020-07-30 10:04:09.809302,0.46,106.37
2020-07-30 10:04:14.815061,0.46,105.03
2020-07-30 10:04:19.818003,0.46,106.17
2020-07-30 10:04:24.820016,0.46,105.98
2020-07-30 10:04:29.825851,0.46,106.67
2020-07-30 10:04:34.829425,0.46,106.5
2020-07-30 10:04:39.829239,0.46,106.06
2020-07-30 10:04:44.835580,0.46,106.27
2020-07-30 10:04:49.841606,0.46,106.59
2020-07-30 10:04:54.845000,0.47,107.14
2020-07-30 10:04:59.846379,0.47,107.92
2020-07-30 10:05:04.851391,0.47,107.21
2020-07-30 10:05:09.854556,0.33,76.86
2020-07-30 10:05:14.857006,0.09,21.49
2020-07-30 10:05:19.862560,0.12,26.54
2020-07-30 10:05:24.864682,0.35,79.78
2020-07-30 10:05:29.867768,0.34,78.86
2020-07-30 10:05:34.871604,0.35,79.65
2020-07-30 10:05:39.876694,0.35,80.24
2020-07-30 10:05:44.882217,0.35,79.45
2020-07-30 10:05:49.883622,0.35,79.52
2020-07-30 10:05:54.887087,0.34,79.33
2020-07-30 10:05:59.892758,0.34,78.92
2020-07-30 10:06:04.893839,0.35,79.38
2020-07-30 10:06:09.898819,0.35,80.01
2020-07-30 10:06:14.901715,0.35,79.71
2020-07-30 10:06:19.905589,0.35,80.04
2020-07-30 10:06:24.910569,0.35,79.44
2020-07-30 10:06:29.914564,0.35,79.49
2020-07-30 10:06:34.916371,0.35,79.72
2020-07-30 10:06:39.921101,0.34,78.95
2020-07-30 10:06:44.924258,0.34,78.54
2020-07-30 10:06:49.930329,0.34,78.22
2020-07-30 10:06:54.931401,0.34,78.01
2020-07-30 10:06:59.935053,0.34,78.28
2020-07-30 10:07:04.940954,0.34,78.88
2020-07-30 10:07:09.944814,0.34,78.51
2020-07-30 10:07:14.948159,0.34,78.17
2020-07-30 10:07:19.952678,0.3,67.88
2020-07-30 10:07:24.951870,0.2,44.89
2020-07-30 10:07:29.957501,0.46,106.82
2020-07-30 10:07:34.961403,0.46,106.53
2020-07-30 10:07:39.968470,0.46,106.74
2020-07-30 10:07:44.968246,0.46,105.79
2020-07-30 10:07:49.974211,0.46,105.76
2020-07-30 10:07:54.978995,0.46,105.44
2020-07-30 10:07:59.977512,0.46,106.28
2020-07-30 10:08:04.983259,0.46,106.73
2020-07-30 10:08:09.988779,0.46,105.76
2020-07-30 10:08:14.988842,0.46,106.31
2020-07-30 10:08:19.992767,0.46,105.71
2020-07-30 10:08:24.999030,0.46,105.88
2020-07-30 10:08:30.004843,0.47,107.21
2020-07-30 10:08:35.006581,0.47,107.48
2020-07-30 10:08:40.010813,0.47,107.54
2020-07-30 10:08:45.015729,0.46,106.72
2020-07-30 10:08:50.016327,0.47,107.73
2020-07-30 10:08:55.022653,0.47,107.84
2020-07-30 10:09:00.025959,0.47,107.14
2020-07-30 10:09:05.026599,0.47,107.91
2020-07-30 10:09:10.031594,0.46,106.63
2020-07-30 10:09:15.035677,0.47,107.7
2020-07-30 10:09:20.041605,0.47,107.66
2020-07-30 10:09:25.041508,0.32,72.53
2020-07-30 10:09:30.047558,0.09,21.49
2020-07-30 10:09:35.051671,0.13,30.09
2020-07-30 10:09:40.051670,0.35,79.45
2020-07-30 10:09:45.058301,0.34,79.0
2020-07-30 10:09:50.063151,0.34,79.34
2020-07-30 10:09:55.064560,0.28,65.17
2020-07-30 10:10:00.069690,0.27,62.18
2020-07-30 10:10:05.073980,0.27,62.0
2020-07-30 10:10:10.074655,0.27,62.31
2020-07-30 10:10:15.079768,0.28,63.38
2020-07-30 10:10:20.084577,0.27,62.75
2020-07-30 10:10:25.088601,0.27,63.24
2020-07-30 10:10:30.090533,0.28,63.56
2020-07-30 10:10:35.096595,0.28,63.84
2020-07-30 10:10:40.100346,0.27,62.66
2020-07-30 10:10:45.099936,0.27,62.45
2020-07-30 10:10:50.106666,0.27,62.71
2020-07-30 10:10:55.110678,0.27,62.42
2020-07-30 10:11:00.111425,0.27,61.66
2020-07-30 10:11:05.116959,0.27,62.23
2020-07-30 10:11:10.121909,0.27,62.28
2020-07-30 10:11:15.121776,0.27,62.11
2020-07-30 10:11:20.128185,0.27,61.86
2020-07-30 10:11:25.132657,0.12,28.63
2020-07-30 10:11:30.133516,0.11,25.25
2020-07-30 10:11:35.138467,0.23,53.34
2020-07-30 10:11:40.143720,0.23,52.96
2020-07-30 10:11:45.145836,0.23,53.9
2020-07-30 10:11:50.150360,0.23,53.36
2020-07-30 10:11:55.154859,0.23,53.56
2020-07-30 10:12:00.159064,0.23,54.02
2020-07-30 10:12:05.158039,0.23,54.0
2020-07-30 10:12:10.166030,0.24,54.13
2020-07-30 10:12:15.170830,0.24,54.41
2020-07-30 10:12:20.169809,0.24,55.13
2020-07-30 10:12:25.175633,0.23,53.96
2020-07-30 10:12:30.180600,0.23,53.92
2020-07-30 10:12:35.184533,0.24,54.09
2020-07-30 10:12:40.187493,0.23,53.94
2020-07-30 10:12:45.192694,0.24,55.13
2020-07-30 10:12:50.195578,0.24,54.42
2020-07-30 10:12:55.196982,0.24,54.37
2020-07-30 10:13:00.201779,0.24,54.88
2020-07-30 10:13:05.207440,0.24,54.89
2020-07-30 10:13:10.211745,0.24,55.06
2020-07-30 10:13:15.212820,0.24,55.72
2020-07-30 10:13:20.218617,0.24,55.54
2020-07-30 10:13:25.222554,0.25,56.74
2020-07-30 10:13:30.222548,0.25,56.78
2020-07-30 10:13:35.228625,0.25,56.9
2020-07-30 10:13:40.232532,0.26,59.21
2020-07-30 10:13:45.235573,0.26,58.91
2020-07-30 10:13:50.239708,0.26,58.99
2020-07-30 10:13:55.245431,0.26,59.02
2020-07-30 10:14:00.248100,0.25,58.35
2020-07-30 10:14:05.250866,0.26,58.78
2020-07-30 10:14:10.255577,0.26,59.87
2020-07-30 10:14:15.260210,0.28,64.51
2020-07-30 10:14:20.261764,0.28,65.01
2020-07-30 10:14:25.266665,0.28,63.6
2020-07-30 10:14:30.269590,0.22,51.64
2020-07-30 10:14:35.272537,0.11,24.89
2020-07-30 10:14:40.276858,0.32,73.24
2020-07-30 10:14:45.280641,0.36,83.13
2020-07-30 10:14:50.287020,0.36,83.34
2020-07-30 10:14:55.287208,0.36,83.95
2020-07-30 10:15:00.291098,0.37,84.32
2020-07-30 10:15:05.296631,0.37,84.3
2020-07-30 10:15:10.297965,0.37,84.57
2020-07-30 10:15:15.303118,0.37,84.25
2020-07-30 10:15:20.304573,0.36,83.84
2020-07-30 10:15:25.308478,0.36,83.44
2020-07-30 10:15:30.314585,0.36,82.48
2020-07-30 10:15:35.318765,0.36,83.67
2020-07-30 10:15:40.319442,0.36,83.69
2020-07-30 10:15:45.325572,0.36,83.27
2020-07-30 10:15:50.329677,0.36,83.59
2020-07-30 10:15:55.331605,0.36,83.36
2020-07-30 10:16:00.335635,0.36,83.35
2020-07-30 10:16:05.340991,0.36,83.88
2020-07-30 10:16:10.339976,0.37,84.01
2020-07-30 10:16:15.347337,0.36,83.36
2020-07-30 10:16:20.349287,0.36,83.43
2020-07-30 10:16:25.354729,0.36,83.78
2020-07-30 10:16:30.357040,0.36,83.28
2020-07-30 10:16:35.361438,0.36,83.19
2020-07-30 10:16:40.366501,0.14,32.21
2020-07-30 10:16:45.367369,0.13,29.18
2020-07-30 10:16:50.372419,0.26,59.26
2020-07-30 10:16:55.377997,0.26,59.24
2020-07-30 10:17:00.377736,0.26,59.33
2020-07-30 10:17:05.383074,0.26,58.78
2020-07-30 10:17:10.388139,0.26,58.81
2020-07-30 10:17:15.390302,0.25,58.57
2020-07-30 10:17:20.395233,0.26,58.91
2020-07-30 10:17:25.398635,0.25,57.79
2020-07-30 10:17:30.403560,0.25,56.85
2020-07-30 10:17:35.404557,0.25,57.16
2020-07-30 10:17:40.407989,0.25,56.77
2020-07-30 10:17:45.415045,0.24,56.33
2020-07-30 10:17:50.415718,0.25,57.05
2020-07-30 10:17:55.421218,0.25,56.95
2020-07-30 10:18:00.426594,0.25,56.75
2020-07-30 10:18:05.427589,0.25,56.78
2020-07-30 10:18:10.430999,0.25,56.84
2020-07-30 10:18:15.437387,0.25,56.98
2020-07-30 10:18:20.438815,0.25,56.86
2020-07-30 10:18:25.443259,0.25,56.83
2020-07-30 10:18:30.447672,0.25,56.85
2020-07-30 10:18:35.450785,0.25,57.41
2020-07-30 10:18:40.455593,0.25,56.82
2020-07-30 10:18:45.456683,0.25,56.56
2020-07-30 10:18:50.464100,0.25,56.72
2020-07-30 10:18:55.466776,0.25,56.79
2020-07-30 10:19:00.467007,0.25,57.18
2020-07-30 10:19:05.474132,0.25,57.19
2020-07-30 10:19:10.479679,0.25,57.09
2020-07-30 10:19:15.479338,0.25,56.9
2020-07-30 10:19:20.485334,0.25,57.08
2020-07-30 10:19:25.489569,0.25,56.9
2020-07-30 10:19:30.490119,0.25,56.5
2020-07-30 10:19:35.494496,0.25,57.01
2020-07-30 10:19:40.499637,0.25,56.4
2020-07-30 10:19:45.499708,0.2,44.87
2020-07-30 10:19:50.506833,0.1,22.39
2020-07-30 10:19:55.510772,0.33,75.05
2020-07-30 10:20:00.510148,0.36,82.16
2020-07-30 10:20:05.516098,0.36,82.05
2020-07-30 10:20:10.522040,0.36,82.56
2020-07-30 10:20:15.525970,0.36,81.85
2020-07-30 10:20:20.525419,0.36,81.85
2020-07-30 10:20:25.533156,0.36,81.96
2020-07-30 10:20:30.537595,0.36,82.04
2020-07-30 10:20:35.537588,0.36,82.39
2020-07-30 10:20:40.542552,0.36,82.03
2020-07-30 10:20:45.548627,0.36,81.76
2020-07-30 10:20:50.548335,0.36,82.03
2020-07-30 10:20:55.554305,0.36,81.82
2020-07-30 10:21:00.557720,0.36,81.99
2020-07-30 10:21:05.564229,0.36,82.98
2020-07-30 10:21:10.565561,0.36,82.26
2020-07-30 10:21:15.569362,0.36,81.99
2020-07-30 10:21:20.572328,0.36,82.34
2020-07-30 10:21:25.576368,0.36,82.12
2020-07-30 10:21:30.579666,0.36,82.77
2020-07-30 10:21:35.585575,0.36,82.39
2020-07-30 10:21:40.583841,0.36,82.76
2020-07-30 10:21:45.590469,0.36,82.95
2020-07-30 10:21:50.596557,0.33,74.84
2020-07-30 10:21:55.599785,0.1,23.36
2020-07-30 10:22:00.601843,0.17,38.99
2020-07-30 10:22:05.607882,0.24,55.53
2020-07-30 10:22:10.610043,0.24,55.64
2020-07-30 10:22:15.613666,0.24,55.23
2020-07-30 10:22:20.616905,0.24,55.3
2020-07-30 10:22:25.621771,0.24,55.84
2020-07-30 10:22:30.624004,0.23,52.48
2020-07-30 10:22:35.628036,0.13,30.27
2020-07-30 10:22:40.632600,0.07,15.01
2020-07-30 10:22:45.637416,-0.02,-4.01
2020-07-30 10:22:50.638806,0.07,16.28
2020-07-30 10:22:55.643699,0.04,9.16
2020-07-30 10:23:00.646618,0.04,9.79
2020-07-30 10:23:05.650624,0.04,9.52
2020-07-30 10:23:10.653904,0.04,9.52
2020-07-30 10:23:15.659056,0.03,7.83
2020-07-30 10:23:20.659883,0.02,3.94
2020-07-30 10:23:25.665742,-0.02,-4.82
2020-07-30 10:23:30.669717,0.09,19.66
2020-07-30 10:23:35.670626,0.14,31.29
2020-07-30 10:23:40.676580,0.08,18.39
2020-07-30 10:23:45.680521,-0.09,-20.02
2020-07-30 10:23:50.684579,-0.08,-19.02
2020-07-30 10:23:55.685998,0.03,7.2
2020-07-30 10:24:00.690069,-0.02,-4.58
2020-07-30 10:24:05.694046,-0.09,-19.87
2020-07-30 10:24:10.696724,-0.09,-19.8
2020-07-30 10:24:15.704402,-0.09,-20.46
2020-07-30 10:24:20.704956,-0.09,-20.58
2020-07-30 10:24:25.708585,-0.09,-20.63
2020-07-30 10:24:30.713693,-0.09,-20.35
2020-07-30 10:24:35.718652,-0.06,-14.4
2020-07-30 10:24:40.722603,0.02,5.64
2020-07-30 10:24:45.724750,0.02,4.02
2020-07-30 10:24:50.728722,0.02,4.08
2020-07-30 10:24:55.732973,0.07,16.53
2020-07-30 10:25:00.732918,0.21,48.79
2020-07-30 10:25:05.740683,0.12,28.48
2020-07-30 10:25:10.744572,0.05,10.86
2020-07-30 10:25:15.745360,0.01,3.11
2020-07-30 10:25:20.750321,0.02,3.7
2020-07-30 10:25:25.755202,0.02,3.49
2020-07-30 10:25:30.759726,0.01,3.2
2020-07-30 10:25:35.761131,0.1,23.17
2020-07-30 10:25:40.764778,0.17,38.64
2020-07-30 10:25:45.770530,0.08,17.77
2020-07-30 10:25:50.772611,0.03,6.3
2020-07-30 10:25:55.776689,0.01,1.73
2020-07-30 10:26:00.780251,0.01,2.01
2020-07-30 10:26:05.784100,0.01,1.59
2020-07-30 10:26:10.787605,0.01,1.71
2020-07-30 10:26:15.792079,0.12,26.98
2020-07-30 10:26:20.792118,0.16,36.57
2020-07-30 10:26:25.797846,0.07,16.99
2020-07-30 10:26:30.803237,0.02,3.95
2020-07-30 10:26:35.807686,0.01,1.96
2020-07-30 10:26:40.808023,0.01,1.54
2020-07-30 10:26:45.812726,0.01,1.42
2020-07-30 10:26:50.814558,0.01,1.5
2020-07-30 10:26:55.819765,0.15,34.53
2020-07-30 10:27:00.823621,0.14,31.14
2020-07-30 10:27:05.829667,0.07,16.01
2020-07-30 10:27:10.831036,0.07,16.27
2020-07-30 10:27:15.834577,0.07,16.16
2020-07-30 10:27:20.841014,0.01,1.87
2020-07-30 10:27:25.841949,0.01,2.27
2020-07-30 10:27:30.846117,0.0,1.15
2020-07-30 10:27:35.851867,0.01,1.59
2020-07-30 10:27:40.851599,0.03,6.19
2020-07-30 10:27:45.855548,0.18,42.21
2020-07-30 10:27:50.861503,0.09,21.07
2020-07-30 10:27:55.862346,0.07,16.29
2020-07-30 10:28:00.866790,0.07,16.11
2020-07-30 10:28:05.872500,0.05,11.74
2020-07-30 10:28:10.877993,0.01,1.37
2020-07-30 10:28:15.878773,0.01,1.68
2020-07-30 10:28:20.882269,0.0,0.84
2020-07-30 10:28:25.887905,0.0,0.87
2020-07-30 10:28:30.887974,0.06,13.6
2020-07-30 10:28:35.894572,0.17,39.89
2020-07-30 10:28:40.898620,0.08,18.29
2020-07-30 10:28:45.899901,0.07,15.9
2020-07-30 10:28:50.905570,0.07,15.84
2020-07-30 10:28:55.909750,0.04,8.22
2020-07-30 10:29:00.913562,0.0,0.32
2020-07-30 10:29:05.915588,0.0,0.21
2020-07-30 10:29:10.920189,-0.04,-8.62
2020-07-30 10:29:15.923980,-0.07,-16.58
2020-07-30 10:29:20.925876,-0.07,-14.98
2020-07-30 10:29:25.929563,0.0,0.27
2020-07-30 10:29:30.935393,0.0,0.79
2020-07-30 10:29:35.937021,0.0,0.73
2020-07-30 10:29:40.940684,0.0,0.69
2020-07-30 10:29:45.947606,0.0,0.9
2020-07-30 10:29:50.950693,0.0,0.06
2020-07-30 10:29:55.952298,-0.0,-0.03
2020-07-30 10:30:00.957359,0.0,0.35
2020-07-30 10:30:05.961019,0.0,0.48
2020-07-30 10:30:10.963145,0.0,0.71
2020-07-30 10:30:15.968207,0.0,0.69
2020-07-30 10:30:20.972773,0.0,0.88
2020-07-30 10:30:25.976900,0.01,1.15
2020-07-30 10:30:30.977824,0.0,0.53
2020-07-30 10:30:35.984433,0.0,0.85
2020-07-30 10:30:40.988139,0.03,6.37
2020-07-30 10:30:45.989905,0.06,14.68
2020-07-30 10:30:50.994586,0.12,27.52
2020-07-30 10:30:55.999490,0.11,25.24
2020-07-30 10:31:01.002653,0.11,25.53
2020-07-30 10:31:06.005578,0.1,23.28
2020-07-30 10:31:11.010960,0.12,27.47
2020-07-30 10:31:16.012543,0.12,27.08
2020-07-30 10:31:21.014582,0.11,25.61
2020-07-30 10:31:26.021994,0.17,37.95
2020-07-30 10:31:31.023140,0.32,74.31
2020-07-30 10:31:36.027137,0.32,74.32
2020-07-30 10:31:41.032725,0.32,74.26
2020-07-30 10:31:46.037569,0.32,74.28
2020-07-30 10:31:51.037935,0.32,74.44
2020-07-30 10:31:56.041903,0.33,75.07
2020-07-30 10:32:01.048727,0.32,73.96
2020-07-30 10:32:06.048610,0.32,74.25
2020-07-30 10:32:11.054454,0.32,74.21
2020-07-30 10:32:16.058136,0.23,52.27
2020-07-30 10:32:21.058439,0.23,53.54
2020-07-30 10:32:26.063092,0.37,86.12
2020-07-30 10:32:31.068874,0.39,90.5
2020-07-30 10:32:36.072861,0.4,90.9
2020-07-30 10:32:41.076108,0.4,91.66
2020-07-30 10:32:46.080047,0.39,90.84
2020-07-30 10:32:51.084584,0.39,89.21
2020-07-30 10:32:56.084557,0.38,87.65
2020-07-30 10:33:01.091811,0.37,84.15
2020-07-30 10:33:06.094602,0.37,84.6
2020-07-30 10:33:11.097341,0.37,84.39
2020-07-30 10:33:16.101141,0.37,84.57
2020-07-30 10:33:21.106675,0.19,44.36
2020-07-30 10:33:26.108111,0.1,23.73
2020-07-30 10:33:31.111790,0.11,26.02
2020-07-30 10:33:36.118255,0.09,20.11
2020-07-30 10:33:41.120773,0.21,48.03
2020-07-30 10:33:46.122633,0.31,70.4
2020-07-30 10:33:51.128945,0.31,70.18
2020-07-30 10:33:56.130547,0.3,69.37
2020-07-30 10:34:01.133378,0.3,68.99
2020-07-30 10:34:06.138594,0.3,69.33
2020-07-30 10:34:11.143268,0.3,69.12
2020-07-30 10:34:16.144562,0.3,69.17
2020-07-30 10:34:21.149493,0.3,68.99
2020-07-30 10:34:26.154844,0.3,69.62
2020-07-30 10:34:31.158575,0.16,36.73
2020-07-30 10:34:36.160536,0.29,67.04
2020-07-30 10:34:41.164591,0.36,82.54
2020-07-30 10:34:46.169180,0.36,82.53
2020-07-30 10:34:51.171566,0.35,81.51
2020-07-30 10:34:56.176030,0.35,81.41
2020-07-30 10:35:01.178648,0.36,82.09
2020-07-30 10:35:06.181907,0.36,82.66
2020-07-30 10:35:11.187693,0.36,82.09
2020-07-30 10:35:16.190202,0.36,82.7
2020-07-30 10:35:21.195275,0.36,82.54
2020-07-30 10:35:26.197002,0.36,82.08
2020-07-30 10:35:31.201404,0.36,82.05
2020-07-30 10:35:36.203993,0.13,29.28
2020-07-30 10:35:41.208575,0.11,24.34
2020-07-30 10:35:46.214062,0.11,25.64
2020-07-30 10:35:51.217836,0.09,20.06
2020-07-30 10:35:56.219461,0.26,58.79
2020-07-30 10:36:01.223624,0.3,68.85
2020-07-30 10:36:06.228386,0.3,68.8
2020-07-30 10:36:11.229691,0.3,69.59
2020-07-30 10:36:16.233570,0.3,69.4
2020-07-30 10:36:21.238138,0.31,70.39
2020-07-30 10:36:26.243563,0.3,69.86
2020-07-30 10:36:31.245210,0.31,71.03
2020-07-30 10:36:36.248648,0.31,71.14
2020-07-30 10:36:41.254593,0.31,71.59
2020-07-30 10:36:46.256355,0.13,29.76
2020-07-30 10:36:51.261122,0.36,82.3
2020-07-30 10:36:56.265747,0.36,83.18
2020-07-30 10:37:01.267711,0.36,83.01
2020-07-30 10:37:06.271384,0.36,81.96
2020-07-30 10:37:11.275578,0.33,76.9
2020-07-30 10:37:16.281093,0.19,42.56
2020-07-30 10:37:21.283032,0.08,17.43
2020-07-30 10:37:26.286995,0.01,3.44
2020-07-30 10:37:31.291392,0.12,26.63
2020-07-30 10:37:36.292873,0.05,11.55
2020-07-30 10:37:41.296814,0.06,14.33
2020-07-30 10:37:46.301695,0.06,14.9
2020-07-30 10:37:51.304572,0.07,15.59
2020-07-30 10:37:56.307136,0.05,12.0
2020-07-30 10:38:01.315029,0.04,10.15
2020-07-30 10:38:06.317380,0.02,4.63
2020-07-30 10:38:11.319748,0.13,29.44
2020-07-30 10:38:16.324003,0.16,35.89
2020-07-30 10:38:21.327861,0.02,3.72
2020-07-30 10:38:26.330913,-0.04,-8.96
2020-07-30 10:38:31.334741,0.03,7.09
2020-07-30 10:38:36.338851,0.03,6.02
2020-07-30 10:38:41.341098,0.03,7.86
2020-07-30 10:38:46.346170,0.04,10.01
2020-07-30 10:38:51.351905,0.04,8.79
2020-07-30 10:38:56.353037,0.04,8.08
2020-07-30 10:39:01.356590,0.04,8.11
2020-07-30 10:39:06.361428,0.03,7.96
2020-07-30 10:39:11.362277,0.03,7.88
2020-07-30 10:39:16.365084,0.03,7.93
2020-07-30 10:39:21.372632,0.07,16.9
2020-07-30 10:39:26.374034,0.1,23.56
2020-07-30 10:39:31.377911,0.14,31.07
2020-07-30 10:39:36.382929,0.13,30.89
2020-07-30 10:39:41.386950,0.14,31.15
2020-07-30 10:39:46.388732,0.11,25.89
2020-07-30 10:39:51.392603,0.11,24.7
2020-07-30 10:39:56.399838,0.1,22.71
2020-07-30 10:40:01.400896,0.09,21.3
2020-07-30 10:40:06.403658,0.11,25.12
2020-07-30 10:40:11.409657,0.12,28.2
2020-07-30 10:40:16.410615,0.13,30.43
2020-07-30 10:40:21.415918,0.13,30.48
2020-07-30 10:40:26.420477,0.13,28.76
2020-07-30 10:40:31.424891,0.21,47.65
2020-07-30 10:40:36.424728,0.33,75.66
2020-07-30 10:40:41.431166,0.33,75.7
2020-07-30 10:40:46.434234,0.33,75.97
2020-07-30 10:40:51.436657,0.33,75.55
2020-07-30 10:40:56.441597,0.33,76.68
2020-07-30 10:41:01.445500,0.33,76.61
2020-07-30 10:41:06.448706,0.34,77.33
2020-07-30 10:41:11.452345,0.33,75.39
2020-07-30 10:41:16.459309,0.32,74.26
2020-07-30 10:41:21.459641,0.21,47.46
2020-07-30 10:41:26.462754,0.27,62.69
2020-07-30 10:41:31.469914,0.37,85.01
2020-07-30 10:41:36.473646,0.37,85.03
2020-07-30 10:41:41.475397,0.37,84.52
2020-07-30 10:41:46.477589,0.37,85.35
2020-07-30 10:41:51.484102,0.37,85.07
2020-07-30 10:41:56.483624,0.37,85.24
2020-07-30 10:42:01.490025,0.37,84.82
2020-07-30 10:42:06.495571,0.37,85.69
2020-07-30 10:42:11.499850,0.37,85.0
2020-07-30 10:42:16.500641,0.37,85.51
2020-07-30 10:42:21.504585,0.37,85.55
2020-07-30 10:42:26.509513,0.17,40.19
2020-07-30 10:42:31.509624,0.12,26.75
2020-07-30 10:42:36.516592,0.12,27.3
2020-07-30 10:42:41.521781,0.1,23.88
2020-07-30 10:42:46.525760,0.24,55.64
2020-07-30 10:42:51.527108,0.31,72.29
2020-07-30 10:42:56.531675,0.32,73.57
2020-07-30 10:43:01.535525,0.32,73.86
2020-07-30 10:43:06.536306,0.33,74.95
2020-07-30 10:43:11.542673,0.32,73.62
2020-07-30 10:43:16.546064,0.32,74.72
2020-07-30 10:43:21.548630,0.33,75.25
2020-07-30 10:43:26.553623,0.33,75.67
2020-07-30 10:43:31.558583,0.33,75.0
2020-07-30 10:43:36.561783,0.16,36.02
2020-07-30 10:43:41.563759,0.34,78.27
2020-07-30 10:43:46.568844,0.38,87.28
2020-07-30 10:43:51.570095,0.38,87.1
2020-07-30 10:43:56.574578,0.38,86.59
2020-07-30 10:44:01.580023,0.38,88.05
2020-07-30 10:44:06.583665,0.38,87.12
2020-07-30 10:44:11.585518,0.38,86.91
2020-07-30 10:44:16.591579,0.38,88.07
2020-07-30 10:44:21.595578,0.38,87.47
2020-07-30 10:44:26.597558,0.38,86.48
2020-07-30 10:44:31.602558,0.37,86.04
2020-07-30 10:44:36.604378,0.38,87.41
2020-07-30 10:44:41.607939,0.12,27.72
2020-07-30 10:44:46.611831,0.11,25.72
2020-07-30 10:44:51.617583,0.11,25.36
2020-07-30 10:44:56.617482,0.1,23.41
2020-07-30 10:45:01.622711,0.26,59.47
2020-07-30 10:45:06.626334,0.32,73.41
2020-07-30 10:45:11.633448,0.32,73.76
2020-07-30 10:45:16.633326,0.32,73.98
2020-07-30 10:45:21.637857,0.32,73.79
2020-07-30 10:45:26.642206,0.32,73.65
2020-07-30 10:45:31.645074,0.32,74.11
2020-07-30 10:45:36.649760,0.32,73.44
2020-07-30 10:45:41.652101,0.32,73.48
2020-07-30 10:45:46.653625,0.32,73.57
2020-07-30 10:45:51.658645,0.15,34.56
2020-07-30 10:45:56.663771,0.34,78.64
2020-07-30 10:46:01.668580,0.33,75.71
2020-07-30 10:46:06.669749,0.16,36.07
2020-07-30 10:46:11.673908,0.05,11.92
2020-07-30 10:46:16.678131,-0.01,-1.42
2020-07-30 10:46:21.680651,0.11,25.12
2020-07-30 10:46:26.685557,0.02,5.19
2020-07-30 10:46:31.691095,0.05,10.94
2020-07-30 10:46:36.691979,0.05,10.83
2020-07-30 10:46:41.697347,0.05,11.04
2020-07-30 10:46:46.703405,0.04,8.13
2020-07-30 10:46:51.702723,0.02,5.47
2020-07-30 10:46:56.708641,-0.0,-1.01
2020-07-30 10:47:01.713923,0.13,29.31
2020-07-30 10:47:06.717270,0.15,34.16
2020-07-30 10:47:11.719852,-0.02,-4.24
2020-07-30 10:47:16.721885,-0.08,-18.79
2020-07-30 10:47:21.728562,-0.02,-5.21
2020-07-30 10:47:26.729474,0.01,3.04
2020-07-30 10:47:31.734998,-0.04,-9.65
2020-07-30 10:47:36.739327,0.03,7.11
2020-07-30 10:47:41.737842,0.02,5.05
2020-07-30 10:47:46.745773,0.02,4.06
2020-07-30 10:47:51.750096,0.02,4.01
2020-07-30 10:47:56.754109,0.02,3.68
2020-07-30 10:48:01.756580,0.02,3.94
2020-07-30 10:48:06.760867,0.02,3.51
2020-07-30 10:48:11.764677,0.02,3.99
2020-07-30 10:48:16.770925,0.1,23.08
2020-07-30 10:48:21.771278,0.11,24.27
2020-07-30 10:48:26.776584,0.11,25.62
2020-07-30 10:48:31.781081,0.12,27.24
2020-07-30 10:48:36.779865,0.11,25.31
2020-07-30 10:48:41.788304,0.1,22.79
2020-07-30 10:48:46.791903,0.09,20.86
2020-07-30 10:48:51.792641,0.07,15.58
2020-07-30 10:48:56.798144,0.07,15.63
2020-07-30 10:49:01.803644,0.09,20.62
2020-07-30 10:49:06.806501,0.09,19.9
2020-07-30 10:49:11.808665,4.61,1060.83
2020-07-30 10:49:16.814024,9.65,2219.67
2020-07-30 10:49:21.818345,9.64,2218.23
2020-07-30 10:49:26.819775,9.63,2214.31
2020-07-30 10:49:31.824572,9.58,2204.51
2020-07-30 10:49:36.828589,9.57,2201.16
2020-07-30 10:49:41.829934,9.55,2196.1
2020-07-30 10:49:46.835111,9.53,2192.68
2020-07-30 10:49:51.840178,9.54,2193.66
2020-07-30 10:49:56.843390,9.54,2193.08
2020-07-30 10:50:01.846224,9.53,2190.98
2020-07-30 10:50:06.851225,9.51,2187.76
2020-07-30 10:50:11.856503,9.52,2190.06
2020-07-30 10:50:16.857058,9.52,2190.01
2020-07-30 10:50:21.860695,9.52,2188.89
2020-07-30 10:50:26.867243,9.5,2186.13
2020-07-30 10:50:31.868730,9.49,2183.22
2020-07-30 10:50:36.872079,9.5,2184.65
2020-07-30 10:50:41.877536,9.52,2188.81
2020-07-30 10:50:46.882924,9.5,2185.84
2020-07-30 10:50:51.883088,9.48,2180.94
2020-07-30 10:50:56.888580,9.46,2175.76
2020-07-30 10:51:01.893628,9.43,2169.51
2020-07-30 10:51:06.894568,9.41,2165.26
2020-07-30 10:51:11.898733,9.42,2166.93
2020-07-30 10:51:16.901875,9.41,2163.66
2020-07-30 10:51:21.905698,9.4,2162.35
2020-07-30 10:51:26.909811,9.39,2159.5
2020-07-30 10:51:31.914061,9.39,2159.16
2020-07-30 10:51:36.917990,9.4,2162.06
2020-07-30 10:51:41.921388,9.4,2161.06
2020-07-30 10:51:46.925597,9.39,2159.13
2020-07-30 10:51:51.928863,9.38,2158.11
2020-07-30 10:51:56.930746,9.38,2156.65
2020-07-30 10:52:01.936629,9.36,2153.64
2020-07-30 10:52:06.940863,9.44,2171.59
2020-07-30 10:52:11.942465,9.44,2171.89
2020-07-30 10:52:16.946653,9.39,2159.48
2020-07-30 10:52:21.952373,9.39,2159.38
2020-07-30 10:52:26.953599,9.39,2160.3
2020-07-30 10:52:31.958498,9.39,2160.62
2020-07-30 10:52:36.961074,9.39,2159.25
2020-07-30 10:52:41.967332,9.39,2159.97
2020-07-30 10:52:46.969396,9.37,2155.09
2020-07-30 10:52:51.971591,9.37,2156.04
2020-07-30 10:52:56.975897,9.39,2160.81
2020-07-30 10:53:01.980097,9.4,2162.24
2020-07-30 10:53:06.984574,9.4,2160.94
2020-07-30 10:53:11.988494,9.38,2156.32
2020-07-30 10:53:16.989943,9.37,2154.51
2020-07-30 10:53:21.995783,9.4,2160.98
2020-07-30 10:53:26.999596,9.43,2168.34
2020-07-30 10:53:32.005762,9.42,2166.29
2020-07-30 10:53:37.005352,9.4,2163.05
2020-07-30 10:53:42.010626,9.4,2162.34
2020-07-30 10:53:47.014821,9.4,2162.95
2020-07-30 10:53:52.017442,9.39,2159.84
2020-07-30 10:53:57.019368,9.37,2155.55
2020-07-30 10:54:02.025686,9.33,2146.64
2020-07-30 10:54:07.030993,9.3,2138.21
2020-07-30 10:54:12.030203,9.25,2126.49
2020-07-30 10:54:17.037083,9.27,2131.1
2020-07-30 10:54:22.041915,9.25,2128.21
2020-07-30 10:54:27.044127,9.26,2128.91
2020-07-30 10:54:32.048580,9.24,2124.27
2020-07-30 10:54:37.052796,9.25,2127.38
2020-07-30 10:54:42.057198,9.24,2124.15
2020-07-30 10:54:47.059734,9.23,2122.32
2020-07-30 10:54:52.063632,9.22,2120.6
2020-07-30 10:54:57.068746,9.23,2123.32
2020-07-30 10:55:02.070339,9.22,2120.1
2020-07-30 10:55:07.074571,9.22,2119.59
2020-07-30 10:55:12.079653,9.22,2120.67
2020-07-30 10:55:17.078187,9.22,2120.57
2020-07-30 10:55:22.085683,9.22,2121.27
2020-07-30 10:55:27.089337,9.2,2116.72
2020-07-30 10:55:32.088996,9.2,2116.53
2020-07-30 10:55:37.094685,9.2,2115.22
2020-07-30 10:55:42.099673,9.19,2114.1
2020-07-30 10:55:47.104579,9.2,2116.19
2020-07-30 10:55:52.106481,9.19,2114.83
2020-07-30 10:55:57.111847,9.23,2123.9
2020-07-30 10:56:02.115212,9.25,2127.01
2020-07-30 10:56:07.117233,9.25,2127.66
2020-07-30 10:56:12.122662,9.23,2122.94
2020-07-30 10:56:17.126557,9.23,2123.88
2020-07-30 10:56:22.128791,9.22,2119.96
2020-07-30 10:56:27.131337,9.23,2122.25
2020-07-30 10:56:32.138644,9.22,2120.79
2020-07-30 10:56:37.140600,9.22,2121.38
2020-07-30 10:56:42.143781,9.21,2119.36
2020-07-30 10:56:47.149628,9.21,2118.56
2020-07-30 10:56:52.151114,9.21,2117.25
2020-07-30 10:56:57.154584,9.2,2115.83
2020-07-30 10:57:02.158723,9.2,2116.68
2020-07-30 10:57:07.165166,9.19,2114.65
2020-07-30 10:57:12.166418,9.21,2117.56
2020-07-30 10:57:17.169712,9.23,2123.59
2020-07-30 10:57:22.175562,9.24,2126.34
2020-07-30 10:57:27.179378,9.24,2124.56
2020-07-30 10:57:32.181643,9.22,2120.85
2020-07-30 10:57:37.186499,9.22,2120.62
2020-07-30 10:57:42.191112,9.22,2121.42
2020-07-30 10:57:47.191017,9.22,2119.52
2020-07-30 10:57:52.195945,9.21,2118.37
2020-07-30 10:57:57.199166,9.22,2120.23
2020-07-30 10:58:02.200815,9.22,2119.49
2020-07-30 10:58:07.208047,9.18,2110.46
2020-07-30 10:58:12.210355,9.15,2105.3
2020-07-30 10:58:17.217449,9.14,2101.4
2020-07-30 10:58:22.217334,9.14,2101.74
2020-07-30 10:58:27.223918,9.13,2099.03
2020-07-30 10:58:32.227341,9.12,2097.04
2020-07-30 10:58:37.228209,9.13,2099.91
2020-07-30 10:58:42.232756,9.13,2100.87
2020-07-30 10:58:47.238063,9.12,2096.51
2020-07-30 10:58:52.240520,9.12,2097.1
2020-07-30 10:58:57.245584,9.11,2095.01
2020-07-30 10:59:02.247618,9.1,2093.84
2020-07-30 10:59:07.250267,9.1,2092.37
2020-07-30 10:59:12.255584,9.09,2089.91
2020-07-30 10:59:17.259275,9.09,2090.87
2020-07-30 10:59:22.263568,9.1,2092.37
2020-07-30 10:59:27.265978,9.08,2089.12
2020-07-30 10:59:32.268768,3.19,734.62
2020-07-30 10:59:37.275578,0.12,28.36
2020-07-30 10:59:42.276216,-0.01,-2.76
2020-07-30 10:59:47.282068,-0.06,-12.74
2020-07-30 10:59:52.287290,-0.05,-12.37
2020-07-30 10:59:57.290937,-0.06,-12.72
2020-07-30 11:00:02.293320,-0.05,-12.63
2020-07-30 11:00:07.297382,-0.05,-12.63
2020-07-30 11:00:12.301730,-0.05,-12.51
2020-07-30 11:00:17.302578,-0.06,-12.71
2020-07-30 11:00:22.307668,-0.05,-12.3
2020-07-30 11:00:27.312441,0.04,9.53
2020-07-30 11:00:32.315939,0.15,33.59
2020-07-30 11:00:37.318244,0.15,34.04
2020-07-30 11:00:42.323662,0.07,16.37
2020-07-30 11:00:47.327847,0.0,0.1
2020-07-30 11:00:52.327804,-0.02,-3.52
2020-07-30 11:00:57.335635,-0.02,-4.19
2020-07-30 11:01:02.338878,0.03,8.01
2020-07-30 11:01:07.340274,-0.0,-0.04
2020-07-30 11:01:12.345330,-0.02,-3.52
2020-07-30 11:01:17.351143,-0.02,-4.83
2020-07-30 11:01:22.355557,-0.05,-12.17
2020-07-30 11:01:27.355579,-0.05,-12.25
2020-07-30 11:01:32.360787,-0.05,-12.58
2020-07-30 11:01:37.365306,-0.05,-12.19
2020-07-30 11:01:42.366774,-0.05,-12.1
2020-07-30 11:01:47.372132,-0.05,-12.11
2020-07-30 11:01:52.375776,-0.05,-11.81
2020-07-30 11:01:57.378868,-0.05,-12.26
2020-07-30 11:02:02.384224,-0.05,-12.26
2020-07-30 11:02:07.387433,-0.05,-12.22
2020-07-30 11:02:12.390241,-0.05,-12.12
2020-07-30 11:02:17.392692,-0.05,-12.33
2020-07-30 11:02:22.399042,-0.06,-12.66
2020-07-30 11:02:27.402505,-0.05,-12.29
2020-07-30 11:02:32.404379,-0.05,-12.23
2020-07-30 11:02:37.408596,-0.05,-12.27
2020-07-30 11:02:42.413792,-0.05,-12.17
2020-07-30 11:02:47.414583,-0.05,-12.08
2020-07-30 11:02:52.420539,-0.05,-12.18
2020-07-30 11:02:57.424563,-0.05,-11.89
2020-07-30 11:03:02.425929,-0.05,-12.48
2020-07-30 11:03:07.430843,-0.05,-12.07
2020-07-30 11:03:12.436315,-0.05,-11.94
2020-07-30 11:03:17.439647,-0.05,-12.49
2020-07-30 11:03:22.443591,-0.05,-12.04
2020-07-30 11:03:27.446075,-0.05,-12.17
2020-07-30 11:03:32.448904,-0.05,-12.3
2020-07-30 11:03:37.451305,-0.05,-12.54
2020-07-30 11:03:42.456781,-0.05,-12.43
2020-07-30 11:03:47.461699,-0.05,-12.28
2020-07-30 11:03:52.461723,-0.05,-12.39
2020-07-30 11:03:57.467604,-0.05,-12.42
2020-07-30 11:04:02.472938,-0.06,-12.83
2020-07-30 11:04:07.477355,-0.05,-12.41
2020-07-30 11:04:12.479932,-0.05,-12.48
2020-07-30 11:04:17.482680,-0.05,-12.4
2020-07-30 11:04:22.487636,-0.06,-13.16
2020-07-30 11:04:27.488997,-0.06,-13.16
2020-07-30 11:04:32.493930,-0.06,-13.29
2020-07-30 11:04:37.497693,-0.06,-12.92
2020-07-30 11:04:42.499838,-0.05,-12.56
2020-07-30 11:04:47.504567,-0.06,-13.0
2020-07-30 11:04:52.507786,-0.06,-12.67
2020-07-30 11:04:57.514830,-0.06,-12.83
2020-07-30 11:05:02.515667,-0.06,-12.77
2020-07-30 11:05:07.521201,-0.05,-12.24
2020-07-30 11:05:12.524634,-0.05,-11.99
2020-07-30 11:05:17.528750,-0.05,-12.57
2020-07-30 11:05:22.531598,-0.05,-12.3
2020-07-30 11:05:27.536577,-0.05,-12.09
2020-07-30 11:05:32.538631,-0.05,-12.16
2020-07-30 11:05:37.541709,-0.05,-11.31
2020-07-30 11:05:42.548059,-0.05,-11.1
2020-07-30 11:05:47.551269,-0.05,-11.5
2020-07-30 11:05:52.555385,-0.05,-11.51
2020-07-30 11:05:57.557621,-0.05,-11.02
2020-07-30 11:06:02.562583,-0.05,-10.72
2020-07-30 11:06:07.565830,-0.05,-11.0
2020-07-30 11:06:12.567150,-0.05,-11.1
2020-07-30 11:06:17.573624,-0.05,-10.82
2020-07-30 11:06:22.579057,-0.05,-10.78
2020-07-30 11:06:27.582586,-0.05,-10.89
2020-07-30 11:06:32.584499,-0.05,-10.77
2020-07-30 11:06:37.588703,-0.05,-10.68
2020-07-30 11:06:42.593338,-0.05,-10.61
2020-07-30 11:06:47.594638,-0.04,-10.26
2020-07-30 11:06:52.600006,-0.05,-10.38
2020-07-30 11:06:57.604303,-0.04,-10.11
2020-07-30 11:07:02.606592,-0.04,-10.34
2020-07-30 11:07:07.610504,-0.04,-10.19
2020-07-30 11:07:12.615591,-0.04,-10.23
2020-07-30 11:07:17.618766,-0.05,-10.53
2020-07-30 11:07:22.621687,-0.04,-10.31
2020-07-30 11:07:27.626624,-0.04,-10.02
2020-07-30 11:07:32.629544,-0.04,-10.18
2020-07-30 11:07:37.631421,-0.04,-9.79
2020-07-30 11:07:42.636837,-0.04,-10.09
2020-07-30 11:07:47.641257,-0.04,-9.9
2020-07-30 11:07:52.642219,-0.04,-9.84
2020-07-30 11:07:57.647121,-0.04,-9.78
2020-07-30 11:08:02.652625,-0.04,-9.71
2020-07-30 11:08:07.656593,-0.04,-9.79
2020-07-30 11:08:12.657837,-0.04,-9.98
2020-07-30 11:08:17.662817,-0.04,-9.81
2020-07-30 11:08:22.666562,-0.04,-9.52
2020-07-30 11:08:27.668602,-0.04,-9.58
2020-07-30 11:08:32.674044,-0.04,-9.4
2020-07-30 11:08:37.678228,-0.04,-9.36
2020-07-30 11:08:42.680345,-0.04,-9.38
2020-07-30 11:08:47.683322,-0.04,-9.14
2020-07-30 11:08:52.688085,-0.04,-9.27
2020-07-30 11:08:57.690233,-0.04,-9.21
2020-07-30 11:09:02.696583,-0.04,-9.28
2020-07-30 11:09:07.700479,-0.04,-9.14
2020-07-30 11:09:12.705096,-0.04,-9.43
2020-07-30 11:09:17.706743,-0.04,-9.41
2020-07-30 11:09:22.710742,-0.04,-9.59
2020-07-30 11:09:27.715386,-0.04,-9.4
2020-07-30 11:09:32.716544,-0.04,-9.21
2020-07-30 11:09:37.721492,-0.04,-9.18
2020-07-30 11:09:42.726592,-0.04,-9.08
2020-07-30 11:09:47.728071,-0.04,-9.26
2020-07-30 11:09:52.733310,-0.04,-9.24
2020-07-30 11:09:57.738177,-0.04,-9.19
2020-07-30 11:10:02.742095,-0.04,-9.15
2020-07-30 11:10:07.743544,-0.04,-9.21
2020-07-30 11:10:12.746952,-0.04,-9.08
2020-07-30 11:10:17.753099,-0.04,-9.13
2020-07-30 11:10:22.755730,-0.04,-9.0
2020-07-30 11:10:27.758676,-0.04,-9.15
2020-07-30 11:10:32.764572,-0.04,-8.59
2020-07-30 11:10:37.768693,-0.04,-8.7
2020-07-30 11:10:42.770296,-0.04,-8.96
2020-07-30 11:10:47.774360,-0.04,-9.04
2020-07-30 11:10:52.779491,-0.04,-8.62
2020-07-30 11:10:57.781447,-0.04,-8.75
2020-07-30 11:11:02.785597,-0.04,-8.67
2020-07-30 11:11:07.790010,-0.04,-8.35
2020-07-30 11:11:12.792881,-0.04,-8.6
2020-07-30 11:11:17.796313,-0.04,-8.42
2020-07-30 11:11:22.798933,-0.04,-8.22
2020-07-30 11:11:27.804958,-0.04,-8.27
2020-07-30 11:11:32.805301,-0.04,-8.16
2020-07-30 11:11:37.812542,-0.04,-8.28
2020-07-30 11:11:42.817587,-0.03,-7.93
2020-07-30 11:11:47.821378,-0.04,-8.13
2020-07-30 11:11:52.821842,-0.03,-7.98
2020-07-30 11:11:57.828814,-0.04,-8.12
2020-07-30 11:12:02.832657,-0.03,-8.02
2020-07-30 11:12:07.833048,-0.04,-8.09
2020-07-30 11:12:12.838981,-0.04,-8.1
2020-07-30 11:12:17.842938,-0.04,-8.06
2020-07-30 11:12:22.846777,-0.04,-8.07
2020-07-30 11:12:27.849723,-0.04,-8.17
2020-07-30 11:12:32.855573,-0.04,-8.15
2020-07-30 11:12:37.858350,-0.04,-8.2
2020-07-30 11:12:42.859484,-0.04,-8.27
2020-07-30 11:12:47.864569,-0.04,-8.08
2020-07-30 11:12:52.868785,-0.04,-8.23
2020-07-30 11:12:57.871581,-0.04,-8.05
2020-07-30 11:13:02.876579,-0.03,-7.92
2020-07-30 11:13:07.880109,-0.04,-8.21
2020-07-30 11:13:12.884578,-0.03,-7.81
2020-07-30 11:13:17.885918,-0.04,-8.27
2020-07-30 11:13:22.891835,-0.03,-8.01
2020-07-30 11:13:27.895859,-0.03,-8.01
2020-07-30 11:13:32.896641,-0.03,-7.71
2020-07-30 11:13:37.901582,-0.03,-7.86
2020-07-30 11:13:42.906535,-0.03,-7.78
2020-07-30 11:13:47.907889,-0.03,-7.98
2020-07-30 11:13:52.913043,-0.03,-8.04
2020-07-30 11:13:57.917269,-0.03,-7.83
2020-07-30 11:14:02.920944,-0.03,-7.86
2020-07-30 11:14:07.923630,-0.03,-7.76
2020-07-30 11:14:12.926773,-0.03,-7.93
2020-07-30 11:14:17.934175,-0.03,-8.01
2020-07-30 11:14:22.933820,-0.03,-8.04
2020-07-30 11:14:27.939741,-0.03,-7.6
2020-07-30 11:14:32.944574,-0.03,-8.0
2020-07-30 11:14:37.945596,-0.03,-8.01
2020-07-30 11:14:42.950785,-0.03,-7.94
2020-07-30 11:14:47.955521,-0.03,-7.9
2020-07-30 11:14:52.958360,-0.03,-7.91
2020-07-30 11:14:57.960291,-0.04,-8.2
2020-07-30 11:15:02.964692,-0.03,-7.98
2020-07-30 11:15:07.971142,-0.03,-8.05
2020-07-30 11:15:12.974565,-0.04,-8.09
2020-07-30 11:15:17.975969,-0.03,-7.86
2020-07-30 11:15:22.981926,-0.04,-8.11
2020-07-30 11:15:27.983743,-0.04,-8.27
2020-07-30 11:15:32.985700,-0.04,-8.63
2020-07-30 11:15:37.993120,-0.04,-8.5
2020-07-30 11:15:42.995509,-0.04,-8.38
2020-07-30 11:15:47.996792,-0.04,-8.43
2020-07-30 11:15:53.002785,-0.04,-8.61
2020-07-30 11:15:58.007357,-0.04,-8.52
2020-07-30 11:16:03.011952,-0.04,-8.75
2020-07-30 11:16:08.014165,-0.04,-8.79
2020-07-30 11:16:13.019656,-0.04,-8.98
2020-07-30 11:16:18.024006,-0.04,-8.87
2020-07-30 11:16:23.024584,-0.04,-8.83
2020-07-30 11:16:28.028806,-0.04,-8.78
2020-07-30 11:16:33.032202,-0.04,-8.91
2020-07-30 11:16:38.033989,-0.04,-8.95
2020-07-30 11:16:43.040086,-0.04,-9.08
2020-07-30 11:16:48.044584,-0.04,-9.02
2020-07-30 11:16:53.043771,-0.04,-9.26
2020-07-30 11:16:58.051124,-0.04,-9.27
2020-07-30 11:17:03.056577,-0.04,-9.36
2020-07-30 11:17:08.059140,-0.04,-9.2
2020-07-30 11:17:13.060757,-0.04,-9.21
2020-07-30 11:17:18.066041,-0.04,-9.41
2020-07-30 11:17:23.070654,-0.04,-9.77
2020-07-30 11:17:28.071843,-0.04,-9.92
2020-07-30 11:17:33.076786,-0.04,-10.03
2020-07-30 11:17:38.082975,-0.04,-10.01
2020-07-30 11:17:43.084939,-0.04,-9.98
2020-07-30 11:17:48.088753,-0.04,-9.88
2020-07-30 11:17:53.092690,-0.05,-10.51
2020-07-30 11:17:58.097454,-0.05,-10.47
2020-07-30 11:18:03.101405,-0.05,-10.37
2020-07-30 11:18:08.104779,-0.05,-10.7
2020-07-30 11:18:13.106957,-0.05,-10.67
2020-07-30 11:18:18.113006,-0.05,-10.56
2020-07-30 11:18:23.117458,-0.05,-10.61
2020-07-30 11:18:28.118199,-0.05,-11.31
2020-07-30 11:18:33.122550,-0.05,-11.01
2020-07-30 11:18:38.129770,-0.05,-10.7
2020-07-30 11:18:43.129681,-0.05,-11.05
2020-07-30 11:18:48.135581,-0.05,-11.11
2020-07-30 11:18:53.138476,-0.05,-11.66
2020-07-30 11:18:58.141012,-0.05,-11.57
2020-07-30 11:19:03.146588,-0.05,-11.69
2020-07-30 11:19:08.149946,-0.05,-11.99
2020-07-30 11:19:13.152168,-0.05,-12.13
2020-07-30 11:19:18.155291,-0.05,-12.02
2020-07-30 11:19:23.161634,-0.05,-12.52
2020-07-30 11:19:28.164888,-0.05,-12.6
2020-07-30 11:19:33.166070,-0.05,-12.53
2020-07-30 11:19:38.171875,-0.05,-12.38
2020-07-30 11:19:43.176798,-0.05,-12.37
2020-07-30 11:19:48.176484,-0.05,-12.38
2020-07-30 11:19:53.182673,-0.06,-12.88
2020-07-30 11:19:58.187777,-0.06,-13.1
2020-07-30 11:20:03.189742,-0.06,-12.98
2020-07-30 11:20:08.192821,-0.06,-13.04
2020-07-30 11:20:13.198243,-0.06,-13.34
2020-07-30 11:20:18.203032,-0.06,-13.89
2020-07-30 11:20:23.205633,-0.06,-13.56
2020-07-30 11:20:28.209592,-0.06,-13.61
2020-07-30 11:20:33.213963,-0.06,-13.55
2020-07-30 11:20:38.219322,-0.06,-13.87
2020-07-30 11:20:43.220063,-0.06,-14.41
2020-07-30 11:20:48.225582,-0.06,-13.9
2020-07-30 11:20:53.229590,-0.06,-13.89
2020-07-30 11:20:58.230464,-0.06,-14.14
2020-07-30 11:21:03.236931,-0.06,-14.31
2020-07-30 11:21:08.239128,-0.06,-14.11
2020-07-30 11:21:13.242211,-0.06,-13.94
2020-07-30 11:21:18.247110,-0.06,-14.12
2020-07-30 11:21:23.253293,-0.06,-14.28
2020-07-30 11:21:28.256008,-0.06,-14.45
2020-07-30 11:21:33.257906,-0.06,-14.58
2020-07-30 11:21:38.262264,-0.06,-14.59
2020-07-30 11:21:43.265631,-0.06,-14.71
2020-07-30 11:21:48.268568,-0.06,-14.68
2020-07-30 11:21:53.271530,-0.06,-14.73
2020-07-30 11:21:58.278539,-0.06,-14.48
2020-07-30 11:22:03.278972,-0.06,-14.7
2020-07-30 11:22:08.282338,-0.06,-14.61
2020-07-30 11:22:13.289299,-0.06,-14.39
2020-07-30 11:22:18.292183,-0.06,-14.76
2020-07-30 11:22:23.295561,-0.07,-15.34
2020-07-30 11:22:28.297967,-0.07,-15.28
2020-07-30 11:22:33.304896,-0.07,-14.98
2020-07-30 11:22:38.306591,-0.07,-15.54
2020-07-30 11:22:43.309715,-0.07,-15.49
2020-07-30 11:22:48.313281,-0.07,-15.57
2020-07-30 11:22:53.317203,-0.07,-15.62
2020-07-30 11:22:58.322138,-0.07,-15.98
2020-07-30 11:23:03.325471,-0.07,-15.31
2020-07-30 11:23:08.331442,-0.07,-15.0
2020-07-30 11:23:13.332713,-0.07,-15.41
2020-07-30 11:23:18.337834,-0.07,-15.35
2020-07-30 11:23:23.340381,-0.07,-15.41
2020-07-30 11:23:28.341857,-0.07,-15.44
2020-07-30 11:23:33.348484,-0.07,-15.47
2020-07-30 11:23:38.353347,-0.07,-15.03
2020-07-30 11:23:43.357621,-0.07,-15.18
2020-07-30 11:23:48.356966,-0.07,-15.23
2020-07-30 11:23:53.363632,-0.07,-15.46
2020-07-30 11:23:58.367597,-0.07,-15.45
2020-07-30 11:24:03.372454,-0.07,-15.46
2020-07-30 11:24:08.374039,-0.07,-15.44
2020-07-30 11:24:13.378964,-0.07,-15.4
2020-07-30 11:24:18.383859,-0.07,-15.47
2020-07-30 11:24:23.385582,-0.07,-15.64
2020-07-30 11:24:28.390097,-0.07,-15.26
2020-07-30 11:24:33.392947,-0.07,-15.47
2020-07-30 11:24:38.398661,-0.07,-15.45
2020-07-30 11:24:43.398798,-0.07,-15.47
2020-07-30 11:24:48.404622,-0.07,-15.45
2020-07-30 11:24:53.409070,-0.07,-15.6
2020-07-30 11:24:58.410709,-0.07,-15.42
2020-07-30 11:25:03.416588,-0.07,-15.19
2020-07-30 11:25:08.418465,-0.07,-15.43
2020-07-30 11:25:13.422337,-0.07,-15.26
2020-07-30 11:25:18.426924,-0.07,-15.52
2020-07-30 11:25:23.431224,-0.07,-15.55
2020-07-30 11:25:28.435750,-0.07,-15.43
2020-07-30 11:25:33.437786,-0.07,-15.73
2020-07-30 11:25:38.442694,-0.07,-15.87
2020-07-30 11:25:43.446565,-0.07,-15.58
2020-07-30 11:25:48.448587,-0.07,-15.81
2020-07-30 11:25:53.453678,-0.07,-15.92
2020-07-30 11:25:58.456505,-0.07,-16.37
2020-07-30 11:26:03.460101,-0.07,-16.15
2020-07-30 11:26:08.464518,-0.07,-16.32
2020-07-30 11:26:13.468986,-0.07,-16.35
2020-07-30 11:26:18.472139,-0.07,-16.44
2020-07-30 11:26:23.475985,-0.07,-15.7
2020-07-30 11:26:28.477405,-0.07,-15.94
2020-07-30 11:26:33.484580,-0.07,-16.35
2020-07-30 11:26:38.485518,-0.07,-16.36
2020-07-30 11:26:43.490597,-0.07,-16.48
2020-07-30 11:26:48.494577,-0.07,-16.15
2020-07-30 11:26:53.494836,-0.07,-16.64
2020-07-30 11:26:58.501173,-0.07,-16.31
2020-07-30 11:27:03.504553,-0.07,-16.65
2020-07-30 11:27:08.508957,-0.07,-16.72
2020-07-30 11:27:13.510874,-0.07,-16.64
2020-07-30 11:27:18.517153,-0.07,-16.81
2020-07-30 11:27:23.522060,-0.07,-16.2
2020-07-30 11:27:28.526156,-0.07,-16.46
2020-07-30 11:27:33.528763,-0.07,-16.45
2020-07-30 11:27:38.533308,-0.07,-16.62
2020-07-30 11:27:43.537664,-0.07,-16.46
2020-07-30 11:27:48.536524,-0.07,-16.23
2020-07-30 11:27:53.543468,-0.07,-16.45
2020-07-30 11:27:58.545783,-0.07,-16.22
2020-07-30 11:28:03.549947,-0.07,-16.4
2020-07-30 11:28:08.554094,-0.07,-16.45
2020-07-30 11:28:13.558583,-0.07,-16.37
2020-07-30 11:28:18.558927,-0.07,-16.74
2020-07-30 11:28:23.565813,-0.07,-16.62
2020-07-30 11:28:28.569939,-0.07,-16.76
2020-07-30 11:28:33.573581,-0.07,-16.85
2020-07-30 11:28:38.575499,-0.07,-16.65
2020-07-30 11:28:43.581607,-0.08,-17.29
2020-07-30 11:28:48.583578,-0.07,-16.89
2020-07-30 11:28:53.585583,-0.07,-16.59
2020-07-30 11:28:58.591907,-0.07,-17.05
2020-07-30 11:29:03.595639,-0.08,-17.26
2020-07-30 11:29:08.595892,-0.07,-17.21
2020-07-30 11:29:13.601451,-0.07,-16.94
2020-07-30 11:29:18.606050,-0.07,-16.86
2020-07-30 11:29:23.611311,-0.07,-17.16
2020-07-30 11:29:28.613666,-0.07,-17.04
2020-07-30 11:29:33.617741,-0.07,-17.04
2020-07-30 11:29:38.623555,-0.07,-16.95
2020-07-30 11:29:43.627403,-0.07,-17.13
2020-07-30 11:29:48.630438,-0.07,-17.11
2020-07-30 11:29:53.634636,-0.07,-17.01
2020-07-30 11:29:58.638254,-0.07,-16.96
2020-07-30 11:30:03.642681,-0.07,-17.05
2020-07-30 11:30:08.643938,-0.07,-17.21
2020-07-30 11:30:13.649635,-0.07,-16.84
2020-07-30 11:30:18.653390,-0.07,-17.09
2020-07-30 11:30:23.654558,-0.07,-16.8
2020-07-30 11:30:28.658082,-0.07,-16.73
2020-07-30 11:30:33.665559,-0.07,-16.89
2020-07-30 11:30:38.668461,-0.07,-16.81
2020-07-30 11:30:43.670567,-0.07,-16.95
2020-07-30 11:30:48.675589,-0.07,-16.6
2020-07-30 11:30:53.678809,-0.07,-16.77
2020-07-30 11:30:58.681766,-0.07,-16.77
2020-07-30 11:31:03.686257,-0.07,-16.95
2020-07-30 11:31:08.690617,-0.07,-16.9
2020-07-30 11:31:13.692291,-0.07,-16.9
2020-07-30 11:31:18.695858,-0.07,-16.86
2020-07-30 11:31:23.702329,-0.07,-16.73
2020-07-30 11:31:28.703629,-0.07,-16.72
2020-07-30 11:31:33.708580,-0.07,-16.64
2020-07-30 11:31:38.713047,-0.07,-16.99
2020-07-30 11:31:43.717051,-0.07,-16.87
2020-07-30 11:31:48.716012,-0.07,-17.03
2020-07-30 11:31:53.723500,-0.07,-16.78
2020-07-30 11:31:58.727446,-0.07,-16.85
2020-07-30 11:32:03.730458,-0.07,-16.78
2020-07-30 11:32:08.733791,-0.07,-16.71
2020-07-30 11:32:13.740307,-0.07,-16.89
2020-07-30 11:32:18.740960,-0.07,-16.52
2020-07-30 11:32:23.743697,-0.07,-16.96
2020-07-30 11:32:28.749412,-0.07,-16.78
2020-07-30 11:32:33.755257,-0.07,-16.68
2020-07-30 11:32:38.756517,-0.07,-16.96
2020-07-30 11:32:43.760073,-0.07,-16.82
2020-07-30 11:32:48.764479,-0.07,-16.89
2020-07-30 11:32:53.767705,-0.07,-16.89
2020-07-30 11:32:58.770816,-0.07,-16.86
2020-07-30 11:33:03.777597,-0.07,-16.83
2020-07-30 11:33:08.778867,-0.07,-16.91
2020-07-30 11:33:13.782557,-0.07,-16.95
2020-07-30 11:33:18.787096,-0.07,-16.81
2020-07-30 11:33:23.792461,-0.07,-17.02
2020-07-30 11:33:28.792316,-0.07,-17.04
2020-07-30 11:33:33.797580,-0.07,-16.73
2020-07-30 11:33:38.802556,-0.07,-17.06
2020-07-30 11:33:43.806822,-0.07,-16.84
2020-07-30 11:33:48.808569,-0.07,-16.94
2020-07-30 11:33:53.812946,-0.07,-16.77
2020-07-30 11:33:58.818617,-0.07,-16.84
2020-07-30 11:34:03.819377,-0.07,-16.9
2020-07-30 11:34:08.824439,-0.07,-16.6
2020-07-30 11:34:13.829599,-0.07,-16.6
2020-07-30 11:34:18.830051,-0.07,-16.79
2020-07-30 11:34:23.834509,-0.07,-16.93
2020-07-30 11:34:28.838479,-0.07,-16.83
2020-07-30 11:34:33.845779,-0.07,-17.05
2020-07-30 11:34:38.846583,-0.08,-17.34
2020-07-30 11:34:43.851708,-0.07,-16.85
2020-07-30 11:34:48.856189,-0.07,-15.03
2020-07-30 11:34:53.860275,0.05,11.18
2020-07-30 11:34:58.859642,-0.01,-3.06
2020-07-30 11:35:03.868582,-0.04,-9.66
2020-07-30 11:35:08.870027,-0.04,-10.16
2020-07-30 11:35:13.871859,-0.05,-11.66
2020-07-30 11:35:18.876566,-0.05,-11.69
2020-07-30 11:35:23.882509,-0.05,-11.8
2020-07-30 11:35:28.885404,-0.05,-11.97
2020-07-30 11:35:33.887608,-0.05,-11.63
2020-07-30 11:35:38.893253,-0.05,-11.69
2020-07-30 11:35:43.898230,-0.05,-12.03
2020-07-30 11:35:48.897491,-0.05,-11.73
2020-07-30 11:35:53.903527,-0.05,-12.16
2020-07-30 11:35:58.907967,-0.05,-12.07
2020-07-30 11:36:03.912007,-0.05,-12.12
2020-07-30 11:36:08.913762,-0.05,-12.03
2020-07-30 11:36:13.920158,-0.05,-12.0
2020-07-30 11:36:18.923646,-0.05,-11.85
2020-07-30 11:36:23.925575,-0.05,-11.7
2020-07-30 11:36:28.929583,-0.05,-12.03
2020-07-30 11:36:33.934832,-0.05,-12.25
2020-07-30 11:36:38.935978,-0.05,-11.97
2020-07-30 11:36:43.941567,-0.05,-11.95
2020-07-30 11:36:48.945588,-0.05,-12.21
2020-07-30 11:36:53.951079,-0.05,-11.78
2020-07-30 11:36:58.951940,-0.06,-12.84
2020-07-30 11:37:03.956039,-0.07,-15.33
2020-07-30 11:37:08.959517,-0.07,-15.02
2020-07-30 11:37:13.964192,-0.07,-14.97
2020-07-30 11:37:18.967608,-0.07,-15.27
2020-07-30 11:37:23.972739,-0.07,-15.42
2020-07-30 11:37:28.976375,-0.07,-15.42
2020-07-30 11:37:33.976331,-0.07,-15.82
2020-07-30 11:37:38.981648,-0.07,-15.9
2020-07-30 11:37:43.988257,-0.07,-15.8
2020-07-30 11:37:48.987111,-0.07,-15.73
2020-07-30 11:37:53.994491,-0.07,-16.2
