2020-07-28 21:22:21.316722,-0.02,-5.65
2020-07-28 21:22:26.318226,-0.02,-5.64
2020-07-28 21:22:31.323387,-0.02,-5.64
2020-07-28 21:22:36.327447,-0.04,-10.08
2020-07-28 21:22:41.328889,-0.04,-9.92
2020-07-28 21:22:46.334744,-0.01,-2.69
2020-07-28 21:22:51.338399,0.07,16.12
2020-07-28 21:22:56.342791,0.02,5.4
2020-07-28 21:23:01.343736,0.02,5.32
2020-07-28 21:23:06.348887,0.01,1.96
2020-07-28 21:23:11.352885,-0.03,-7.62
2020-07-28 21:23:16.354702,-0.02,-3.84
2020-07-28 21:23:21.359401,0.04,10.23
2020-07-28 21:23:26.364632,-0.02,-5.29
2020-07-28 21:23:31.366362,-0.03,-6.02
2020-07-28 21:23:36.371156,-0.02,-5.15
2020-07-28 21:23:41.375121,-0.02,-5.01
2020-07-28 21:23:46.379348,-0.02,-3.6
2020-07-28 21:23:51.382105,-0.01,-1.61
2020-07-28 21:23:56.387497,-0.02,-4.2
2020-07-28 21:24:01.389930,0.03,6.34
2020-07-28 21:24:06.393079,0.05,11.68
2020-07-28 21:24:11.396904,0.05,11.42
2020-07-28 21:24:16.400752,0.05,10.64
2020-07-28 21:24:21.402362,0.05,10.72
2020-07-28 21:24:26.409653,0.05,10.77
2020-07-28 21:24:31.412796,0.04,10.13
2020-07-28 21:24:36.417785,0.05,10.51
2020-07-28 21:24:41.418004,0.1,23.83
2020-07-28 21:24:46.422577,0.12,28.5
2020-07-28 21:24:51.426808,0.13,29.63
2020-07-28 21:24:56.428388,0.14,32.78
2020-07-28 21:25:01.433469,0.14,33.06
2020-07-28 21:25:06.437474,0.12,28.68
2020-07-28 21:25:11.438702,0.12,27.31
2020-07-28 21:25:16.445417,0.27,61.5
2020-07-28 21:25:21.449476,0.34,77.46
2020-07-28 21:25:26.451841,0.38,87.49
2020-07-28 21:25:31.455763,0.29,65.91
2020-07-28 21:25:36.460969,0.23,53.68
2020-07-28 21:25:41.464839,7.53,1731.22
2020-07-28 21:25:46.467741,9.63,2214.76
2020-07-28 21:25:51.471810,9.61,2211.37
2020-07-28 21:25:56.475695,9.6,2208.11
2020-07-28 21:26:01.476779,9.59,2206.49
2020-07-28 21:26:06.481584,9.58,2204.24
2020-07-28 21:26:11.487277,9.58,2202.53
2020-07-28 21:26:16.490555,9.57,2200.6
2020-07-28 21:26:21.492292,9.55,2195.93
2020-07-28 21:26:26.497217,9.55,2195.78
2020-07-28 21:26:31.501068,9.54,2194.78
2020-07-28 21:26:36.504778,9.54,2195.11
2020-07-28 21:26:41.508797,9.56,2198.28
2020-07-28 21:26:46.512426,9.61,2210.17
2020-07-28 21:26:51.514401,9.7,2231.16
2020-07-28 21:26:56.519855,9.7,2231.91
2020-07-28 21:27:01.522540,9.7,2230.27
2020-07-28 21:27:06.526362,9.7,2231.07
2020-07-28 21:27:11.530418,9.7,2231.03
2020-07-28 21:27:16.534014,9.66,2222.19
2020-07-28 21:27:21.538787,9.65,2219.77
2020-07-28 21:27:26.540143,9.64,2217.22
2020-07-28 21:27:31.545078,9.62,2213.19
2020-07-28 21:27:36.549366,9.66,2221.33
2020-07-28 21:27:41.550743,9.66,2221.12
2020-07-28 21:27:46.556844,9.64,2216.14
2020-07-28 21:27:51.560656,9.55,2195.7
2020-07-28 21:27:56.562596,9.49,2181.68
2020-07-28 21:28:01.566329,9.46,2176.45
2020-07-28 21:28:06.572041,9.48,2179.57
2020-07-28 21:28:11.572779,9.45,2172.89
2020-07-28 21:28:16.578627,9.47,2179.15
2020-07-28 21:28:21.582306,9.46,2176.16
2020-07-28 21:28:26.588494,9.46,2175.78
2020-07-28 21:28:31.590960,9.46,2174.86
2020-07-28 21:28:36.593946,9.43,2168.26
2020-07-28 21:28:41.598357,9.42,2167.17
2020-07-28 21:28:46.598971,9.43,2169.12
2020-07-28 21:28:51.604198,9.43,2169.22
2020-07-28 21:28:56.609623,8.87,2041.04
2020-07-28 21:29:01.609474,0.16,36.16
2020-07-28 21:29:06.615098,0.22,50.09
2020-07-28 21:29:11.619338,0.22,49.81
2020-07-28 21:29:16.625256,0.22,51.33
2020-07-28 21:29:21.624821,0.22,50.73
2020-07-28 21:29:26.630363,0.22,50.56
2020-07-28 21:29:31.635068,0.22,50.25
2020-07-28 21:29:36.636035,0.22,50.15
2020-07-28 21:29:41.640744,0.22,49.76
2020-07-28 21:29:46.645821,0.23,51.85
2020-07-28 21:29:51.647039,0.23,51.96
2020-07-28 21:29:56.652425,0.22,51.73
2020-07-28 21:30:01.656475,0.18,41.6
2020-07-28 21:30:06.661502,0.13,29.18
2020-07-28 21:30:11.663050,0.13,29.34
2020-07-28 21:30:16.667189,0.13,28.9
2020-07-28 21:30:21.671726,0.12,28.46
2020-07-28 21:30:26.673784,0.13,29.43
2020-07-28 21:30:31.678070,0.13,29.7
2020-07-28 21:30:36.682847,0.13,29.82
2020-07-28 21:30:41.683725,0.13,29.85
2020-07-28 21:30:46.688672,0.13,29.02
2020-07-28 21:30:51.693610,0.13,29.24
2020-07-28 21:30:56.697505,0.13,28.99
2020-07-28 21:31:01.699541,0.13,29.11
2020-07-28 21:31:06.705840,0.13,29.48
2020-07-28 21:31:11.709240,0.13,29.39
2020-07-28 21:31:16.710462,0.17,40.24
2020-07-28 21:31:21.715812,0.22,50.26
2020-07-28 21:31:26.719680,0.22,49.51
2020-07-28 21:31:31.722773,0.21,49.35
2020-07-28 21:31:36.726798,0.22,49.78
2020-07-28 21:31:41.730772,0.22,49.93
2020-07-28 21:31:46.731988,0.21,49.19
2020-07-28 21:31:51.735467,0.22,49.48
2020-07-28 21:31:56.741824,0.21,49.33
2020-07-28 21:32:01.746387,0.22,49.54
2020-07-28 21:32:06.747525,0.22,50.03
2020-07-28 21:32:11.752856,0.22,50.28
2020-07-28 21:32:16.757112,0.16,36.83
2020-07-28 21:32:21.758527,0.13,30.17
2020-07-28 21:32:26.763779,0.13,29.33
2020-07-28 21:32:31.768397,0.12,28.22
2020-07-28 21:32:36.768970,0.12,28.69
2020-07-28 21:32:41.773674,0.13,29.09
2020-07-28 21:32:46.779627,0.13,29.29
2020-07-28 21:32:51.783562,0.13,29.3
2020-07-28 21:32:56.784409,0.13,28.86
2020-07-28 21:33:01.789553,0.12,28.72
2020-07-28 21:33:06.793363,0.13,28.93
2020-07-28 21:33:11.795126,0.13,29.07
2020-07-28 21:33:16.801423,0.13,28.86
2020-07-28 21:33:21.804965,0.13,29.18
2020-07-28 21:33:26.806809,0.13,29.12
2020-07-28 21:33:31.811490,0.19,44.03
2020-07-28 21:33:36.815769,0.25,57.85
2020-07-28 21:33:41.820409,0.35,81.56
2020-07-28 21:33:46.821773,0.36,81.85
2020-07-28 21:33:51.826805,0.35,79.95
2020-07-28 21:33:56.831773,0.35,80.0
2020-07-28 21:34:01.832682,0.35,80.05
2020-07-28 21:34:06.837116,0.23,53.84
2020-07-28 21:34:11.843098,0.15,33.45
2020-07-28 21:34:16.846731,0.13,30.65
2020-07-28 21:34:21.846801,0.13,30.21
2020-07-28 21:34:26.853795,0.13,29.72
2020-07-28 21:34:31.858392,0.13,29.72
2020-07-28 21:34:36.859001,0.13,30.02
2020-07-28 21:34:41.863814,0.13,29.21
2020-07-28 21:34:46.869363,0.13,29.05
2020-07-28 21:34:51.872436,0.13,30.43
2020-07-28 21:34:56.874354,0.13,30.19
2020-07-28 21:35:01.880074,0.13,30.71
2020-07-28 21:35:06.884514,0.13,30.98
2020-07-28 21:35:11.885779,0.13,30.41
2020-07-28 21:35:16.890564,0.13,30.31
2020-07-28 21:35:21.894396,0.13,30.33
2020-07-28 21:35:26.897149,0.13,30.15
2020-07-28 21:35:31.901476,0.13,29.89
2020-07-28 21:35:36.906103,0.13,30.15
2020-07-28 21:35:41.906337,0.2,45.11
2020-07-28 21:35:46.911534,0.25,57.71
2020-07-28 21:35:51.917348,0.25,57.23
2020-07-28 21:35:56.920787,0.25,57.36
2020-07-28 21:36:01.922463,0.25,58.61
2020-07-28 21:36:06.927326,0.25,58.33
2020-07-28 21:36:11.931879,0.25,58.49
2020-07-28 21:36:16.933879,0.25,57.85
2020-07-28 21:36:21.938543,0.26,58.74
2020-07-28 21:36:26.943493,0.25,58.03
2020-07-28 21:36:31.943002,0.25,58.11
2020-07-28 21:36:36.948585,0.25,58.4
2020-07-28 21:36:41.954174,0.17,39.42
2020-07-28 21:36:46.958877,0.13,30.85
2020-07-28 21:36:51.959385,0.14,31.24
2020-07-28 21:36:56.964161,0.13,28.96
2020-07-28 21:37:01.964419,0.13,30.52
2020-07-28 21:37:06.970601,0.13,30.33
2020-07-28 21:37:11.975158,0.13,30.38
2020-07-28 21:37:16.976645,0.13,29.83
2020-07-28 21:37:21.981770,0.13,30.46
2020-07-28 21:37:26.986858,0.13,30.36
2020-07-28 21:37:31.991514,0.13,30.2
2020-07-28 21:37:36.994587,0.13,30.5
2020-07-28 21:37:41.997525,0.13,30.42
2020-07-28 21:37:47.001976,0.13,30.22
2020-07-28 21:37:52.002779,0.13,29.71
2020-07-28 21:37:57.007239,0.23,52.75
2020-07-28 21:38:02.012779,0.25,58.47
2020-07-28 21:38:07.013338,0.26,58.71
2020-07-28 21:38:12.018427,0.25,58.36
2020-07-28 21:38:17.024092,0.25,58.33
2020-07-28 21:38:22.027125,0.26,58.72
2020-07-28 21:38:27.030082,0.26,59.34
2020-07-28 21:38:32.033785,0.26,59.29
2020-07-28 21:38:37.039574,0.26,58.85
2020-07-28 21:38:42.039797,0.26,59.11
2020-07-28 21:38:47.045780,0.26,59.05
2020-07-28 21:38:52.048842,0.26,58.97
2020-07-28 21:38:57.050150,0.15,33.62
2020-07-28 21:39:02.055871,0.13,30.51
2020-07-28 21:39:07.061064,0.13,30.38
2020-07-28 21:39:12.065415,0.13,29.07
2020-07-28 21:39:17.066205,0.13,30.12
2020-07-28 21:39:22.070839,0.13,30.16
2020-07-28 21:39:27.075878,0.13,30.11
2020-07-28 21:39:32.077413,0.13,30.18
2020-07-28 21:39:37.082953,0.13,30.49
2020-07-28 21:39:42.085153,0.13,30.28
2020-07-28 21:39:47.087453,0.13,29.59
2020-07-28 21:39:52.092013,0.13,30.16
2020-07-28 21:39:57.098033,0.13,30.15
2020-07-28 21:40:02.101748,0.13,30.46
2020-07-28 21:40:07.102966,0.13,30.17
2020-07-28 21:40:12.108762,0.25,56.98
2020-07-28 21:40:17.114934,0.25,58.61
2020-07-28 21:40:22.118030,0.25,58.52
2020-07-28 21:40:27.119671,0.26,58.92
2020-07-28 21:40:32.123941,0.25,57.99
2020-07-28 21:40:37.129397,0.26,58.8
2020-07-28 21:40:42.131032,0.25,58.49
2020-07-28 21:40:47.136226,0.25,58.56
2020-07-28 21:40:52.139217,0.26,58.9
2020-07-28 21:40:57.142285,0.26,59.49
2020-07-28 21:41:02.144549,0.26,60.16
2020-07-28 21:41:07.151414,0.25,57.32
2020-07-28 21:41:12.154905,0.14,31.21
2020-07-28 21:41:17.157980,0.14,31.98
2020-07-28 21:41:22.161825,0.13,30.85
2020-07-28 21:41:27.167068,0.13,28.95
2020-07-28 21:41:32.166471,0.13,30.85
2020-07-28 21:41:37.172710,0.13,30.6
2020-07-28 21:41:42.175769,0.14,31.58
2020-07-28 21:41:47.179069,0.14,31.13
2020-07-28 21:41:52.182235,0.13,30.77
2020-07-28 21:41:57.187470,0.13,30.45
2020-07-28 21:42:02.188638,0.13,29.68
2020-07-28 21:42:07.192528,0.13,29.78
2020-07-28 21:42:12.198613,0.13,29.9
2020-07-28 21:42:17.202613,0.13,29.61
2020-07-28 21:42:22.203333,0.16,37.34
2020-07-28 21:42:27.207550,0.25,57.62
2020-07-28 21:42:32.212779,0.25,57.25
2020-07-28 21:42:37.213364,0.25,58.15
2020-07-28 21:42:42.220324,0.26,59.02
2020-07-28 21:42:47.224260,0.26,59.1
2020-07-28 21:42:52.225785,0.26,59.13
2020-07-28 21:42:57.230064,0.26,59.53
2020-07-28 21:43:02.235022,0.26,58.67
2020-07-28 21:43:07.238819,0.26,58.71
2020-07-28 21:43:12.240863,0.26,59.02
2020-07-28 21:43:17.245705,0.26,59.73
2020-07-28 21:43:22.249957,0.23,51.92
2020-07-28 21:43:27.252745,0.13,30.59
2020-07-28 21:43:32.256463,0.14,31.35
2020-07-28 21:43:37.257992,0.13,29.84
2020-07-28 21:43:42.261102,0.13,28.97
2020-07-28 21:43:47.266556,0.13,30.75
2020-07-28 21:43:52.272778,0.13,30.45
2020-07-28 21:43:57.274533,0.13,30.58
2020-07-28 21:44:02.278831,0.13,30.6
2020-07-28 21:44:07.283240,0.13,30.41
2020-07-28 21:44:12.286890,0.13,30.73
2020-07-28 21:44:17.290865,0.13,30.19
2020-07-28 21:44:22.294908,0.13,30.71
2020-07-28 21:44:27.294471,0.13,30.33
2020-07-28 21:44:32.300553,0.13,30.14
2020-07-28 21:44:37.304350,0.13,30.2
2020-07-28 21:44:42.308924,0.13,30.93
2020-07-28 21:44:47.310815,0.13,30.67
2020-07-28 21:44:52.315983,0.13,30.57
2020-07-28 21:44:57.320396,0.13,30.82
2020-07-28 21:45:02.320471,0.13,30.53
2020-07-28 21:45:07.327756,0.13,30.78
2020-07-28 21:45:12.331832,0.13,30.94
2020-07-28 21:45:17.331378,0.13,30.56
2020-07-28 21:45:22.336813,0.13,30.57
2020-07-28 21:45:27.341758,0.13,30.77
2020-07-28 21:45:32.346367,0.13,30.82
2020-07-28 21:45:37.348458,0.14,31.29
2020-07-28 21:45:42.352830,0.14,31.75
2020-07-28 21:45:47.358182,5.58,1282.79
2020-07-28 21:45:52.361781,9.67,2223.87
2020-07-28 21:45:57.364490,9.67,2223.3
2020-07-28 21:46:02.368406,9.66,2222.16
2020-07-28 21:46:07.373773,9.66,2222.04
2020-07-28 21:46:12.374785,9.65,2220.18
2020-07-28 21:46:17.378486,9.65,2218.52
2020-07-28 21:46:22.383725,9.65,2218.51
2020-07-28 21:46:27.384855,9.65,2219.11
2020-07-28 21:46:32.389927,9.63,2215.96
2020-07-28 21:46:37.393789,9.63,2214.65
2020-07-28 21:46:42.399144,9.63,2213.76
2020-07-28 21:46:47.401111,9.62,2213.06
2020-07-28 21:46:52.405791,9.62,2213.07
2020-07-28 21:46:57.409962,9.61,2211.06
2020-07-28 21:47:02.411630,9.61,2210.93
2020-07-28 21:47:07.416226,9.61,2209.57
2020-07-28 21:47:12.420708,9.6,2208.06
2020-07-28 21:47:17.422763,9.6,2207.66
2020-07-28 21:47:22.427520,9.58,2204.5
2020-07-28 21:47:27.432385,9.58,2204.06
2020-07-28 21:47:32.433049,9.57,2202.03
2020-07-28 21:47:37.438242,9.57,2201.48
2020-07-28 21:47:42.441787,9.57,2201.54
2020-07-28 21:47:47.447837,9.47,2178.93
2020-07-28 21:47:52.448715,9.63,2215.42
2020-07-28 21:47:57.452460,9.67,2224.61
2020-07-28 21:48:02.457260,9.66,2222.71
2020-07-28 21:48:07.459333,9.66,2220.74
2020-07-28 21:48:12.465563,9.65,2220.33
2020-07-28 21:48:17.470113,9.65,2219.73
2020-07-28 21:48:22.469751,9.64,2217.75
2020-07-28 21:48:27.475057,9.64,2216.68
2020-07-28 21:48:32.480319,9.63,2214.66
2020-07-28 21:48:37.483946,9.63,2215.44
2020-07-28 21:48:42.487125,9.62,2213.29
2020-07-28 21:48:47.491642,9.62,2212.35
2020-07-28 21:48:52.494789,9.61,2211.26
2020-07-28 21:48:57.497699,9.61,2209.7
2020-07-28 21:49:02.501193,9.61,2210.04
2020-07-28 21:49:07.505659,9.61,2209.63
2020-07-28 21:49:12.506783,9.6,2207.35
2020-07-28 21:49:17.511413,9.59,2205.86
2020-07-28 21:49:22.517473,9.58,2203.59
2020-07-28 21:49:27.520764,9.58,2203.38
2020-07-28 21:49:32.523323,9.58,2203.42
2020-07-28 21:49:37.529386,9.57,2200.57
2020-07-28 21:49:42.531796,1.67,384.05
2020-07-28 21:49:47.533986,0.46,106.11
2020-07-28 21:49:52.538938,0.46,106.37
2020-07-28 21:49:57.541792,0.46,105.68
2020-07-28 21:50:02.543889,0.46,105.96
2020-07-28 21:50:07.549662,0.46,106.7
2020-07-28 21:50:12.553582,0.46,105.92
2020-07-28 21:50:17.558501,0.46,106.77
2020-07-28 21:50:22.559394,0.46,106.35
2020-07-28 21:50:27.564516,0.46,106.33
2020-07-28 21:50:32.565784,0.46,106.76
2020-07-28 21:50:37.569899,0.46,106.3
2020-07-28 21:50:42.573859,0.46,106.25
2020-07-28 21:50:47.579387,0.46,105.92
2020-07-28 21:50:52.581670,0.46,106.46
2020-07-28 21:50:57.586549,0.46,106.54
2020-07-28 21:51:02.590684,0.46,106.3
2020-07-28 21:51:07.592070,0.46,106.56
2020-07-28 21:51:12.596813,0.46,106.16
2020-07-28 21:51:17.602772,0.46,106.79
2020-07-28 21:51:22.603075,0.46,106.54
2020-07-28 21:51:27.608256,0.46,106.49
2020-07-28 21:51:32.611778,0.47,107.19
2020-07-28 21:51:37.613786,0.46,106.79
2020-07-28 21:51:42.617647,0.47,106.98
2020-07-28 21:51:47.622850,0.46,105.49
2020-07-28 21:51:52.627701,0.15,33.71
2020-07-28 21:51:57.628191,0.13,29.39
2020-07-28 21:52:02.634417,0.3,68.45
2020-07-28 21:52:07.639263,0.35,80.76
2020-07-28 21:52:12.643485,0.35,80.63
2020-07-28 21:52:17.645932,0.35,80.82
2020-07-28 21:52:22.649604,0.35,80.63
2020-07-28 21:52:27.654379,0.35,80.85
2020-07-28 21:52:32.655900,0.35,80.54
2020-07-28 21:52:37.661070,0.35,80.53
2020-07-28 21:52:42.663956,0.35,80.76
2020-07-28 21:52:47.666879,0.35,80.36
2020-07-28 21:52:52.671513,0.35,80.54
2020-07-28 21:52:57.675745,0.35,80.92
2020-07-28 21:53:02.681600,0.35,80.84
2020-07-28 21:53:07.682482,0.35,81.03
2020-07-28 21:53:12.686479,0.35,81.16
2020-07-28 21:53:17.686730,0.35,81.47
2020-07-28 21:53:22.693898,0.35,81.55
2020-07-28 21:53:27.697938,0.35,81.22
2020-07-28 21:53:32.697942,0.35,81.37
2020-07-28 21:53:37.702889,0.35,81.46
2020-07-28 21:53:42.708096,0.36,81.87
2020-07-28 21:53:47.713833,0.36,81.69
2020-07-28 21:53:52.713387,0.35,81.2
2020-07-28 21:53:57.719478,0.36,81.8
2020-07-28 21:54:02.723782,0.17,40.24
2020-07-28 21:54:07.724464,0.43,99.59
2020-07-28 21:54:12.729343,0.46,106.68
2020-07-28 21:54:17.734190,0.47,107.07
2020-07-28 21:54:22.738816,0.46,106.72
2020-07-28 21:54:27.739485,0.47,107.08
2020-07-28 21:54:32.746466,0.46,106.7
2020-07-28 21:54:37.749133,0.49,112.62
2020-07-28 21:54:42.751758,0.49,111.85
2020-07-28 21:54:47.756386,0.48,110.68
2020-07-28 21:54:52.760867,0.48,109.4
2020-07-28 21:54:57.763030,0.47,107.18
2020-07-28 21:55:02.766800,0.47,107.65
2020-07-28 21:55:07.772900,0.47,107.14
2020-07-28 21:55:12.772272,0.48,110.84
2020-07-28 21:55:17.778306,0.49,111.74
2020-07-28 21:55:22.782525,0.48,110.95
2020-07-28 21:55:27.782768,0.48,111.12
2020-07-28 21:55:32.789710,0.48,111.5
2020-07-28 21:55:37.794777,0.48,109.84
2020-07-28 21:55:42.797862,0.47,108.27
2020-07-28 21:55:47.798887,0.47,108.28
2020-07-28 21:55:52.804696,0.47,107.87
2020-07-28 21:55:57.807978,0.47,107.54
2020-07-28 21:56:02.810494,0.46,105.36
2020-07-28 21:56:07.816257,0.14,31.85
2020-07-28 21:56:12.819372,0.13,29.24
2020-07-28 21:56:17.820209,0.31,70.6
2020-07-28 21:56:22.825438,0.36,82.64
2020-07-28 21:56:27.830377,0.36,81.93
2020-07-28 21:56:32.833764,0.36,82.57
2020-07-28 21:56:37.836000,0.36,82.78
2020-07-28 21:56:42.841217,0.36,82.26
2020-07-28 21:56:47.846362,0.36,82.09
2020-07-28 21:56:52.846630,0.36,82.77
2020-07-28 21:56:57.851758,0.36,82.7
2020-07-28 21:57:02.855658,0.36,82.09
2020-07-28 21:57:07.858709,0.36,82.76
2020-07-28 21:57:12.862780,0.36,83.09
2020-07-28 21:57:17.866682,0.36,82.77
2020-07-28 21:57:22.868080,0.36,83.12
2020-07-28 21:57:27.873489,0.36,83.24
2020-07-28 21:57:32.879178,0.36,83.43
2020-07-28 21:57:37.879101,0.36,82.2
2020-07-28 21:57:42.883781,0.36,82.44
2020-07-28 21:57:47.889641,0.36,82.36
2020-07-28 21:57:52.893275,0.36,82.51
2020-07-28 21:57:57.895866,0.36,82.88
2020-07-28 21:58:02.899435,0.36,82.72
2020-07-28 21:58:07.904370,0.36,83.03
2020-07-28 21:58:12.906219,0.36,82.81
2020-07-28 21:58:17.911293,0.17,39.99
2020-07-28 21:58:22.916126,0.45,102.45
2020-07-28 21:58:27.920318,0.47,107.96
2020-07-28 21:58:32.921289,0.47,107.7
2020-07-28 21:58:37.926007,0.47,108.14
2020-07-28 21:58:42.930851,0.47,107.28
2020-07-28 21:58:47.932887,0.47,107.18
2020-07-28 21:58:52.937182,0.47,107.57
2020-07-28 21:58:57.941772,0.47,107.96
2020-07-28 21:59:02.942494,0.47,108.56
2020-07-28 21:59:07.948312,0.47,107.99
2020-07-28 21:59:12.953164,0.47,107.99
2020-07-28 21:59:17.957169,0.47,108.16
2020-07-28 21:59:22.958141,0.47,107.59
2020-07-28 21:59:27.963776,0.47,108.11
2020-07-28 21:59:32.967380,0.47,108.14
2020-07-28 21:59:37.968993,0.47,107.77
2020-07-28 21:59:42.974655,0.47,108.08
2020-07-28 21:59:47.978439,0.47,108.72
2020-07-28 21:59:52.980515,0.47,108.03
2020-07-28 21:59:57.984196,0.47,108.36
2020-07-28 22:00:02.990089,0.47,107.74
2020-07-28 22:00:07.994275,0.47,107.75
2020-07-28 22:00:12.995628,0.47,108.09
2020-07-28 22:00:18.001144,0.44,102.17
2020-07-28 22:00:23.003974,0.14,32.65
2020-07-28 22:00:28.007020,0.14,31.97
2020-07-28 22:00:33.012059,0.33,75.32
2020-07-28 22:00:38.014712,0.36,82.13
2020-07-28 22:00:43.017441,0.36,82.8
2020-07-28 22:00:48.021772,0.36,82.78
2020-07-28 22:00:53.026470,0.36,83.02
2020-07-28 22:00:58.027387,0.36,82.64
2020-07-28 22:01:03.033415,0.36,82.79
2020-07-28 22:01:08.038207,0.36,83.25
2020-07-28 22:01:13.038275,0.36,82.33
2020-07-28 22:01:18.043297,0.36,82.48
2020-07-28 22:01:23.048522,0.36,81.94
2020-07-28 22:01:28.049643,0.36,82.36
2020-07-28 22:01:33.054785,0.36,82.25
2020-07-28 22:01:38.058729,0.36,83.13
2020-07-28 22:01:43.063659,0.36,82.31
2020-07-28 22:01:48.065823,0.36,82.22
2020-07-28 22:01:53.070582,0.36,82.07
2020-07-28 22:01:58.074369,0.36,81.91
2020-07-28 22:02:03.075545,0.36,82.04
2020-07-28 22:02:08.080195,0.35,81.61
2020-07-28 22:02:13.085104,0.35,81.17
2020-07-28 22:02:18.087313,0.36,81.94
2020-07-28 22:02:23.091760,0.35,81.45
2020-07-28 22:02:28.095873,0.33,76.6
2020-07-28 22:02:33.096958,0.21,47.47
2020-07-28 22:02:38.101638,0.47,107.53
2020-07-28 22:02:43.109233,0.47,107.59
2020-07-28 22:02:48.110764,0.47,107.9
2020-07-28 22:02:53.113383,0.47,108.23
2020-07-28 22:02:58.118352,0.47,108.14
2020-07-28 22:03:03.122777,0.47,108.32
2020-07-28 22:03:08.124941,0.47,108.36
2020-07-28 22:03:13.128003,0.47,108.06
2020-07-28 22:03:18.133901,0.47,108.53
2020-07-28 22:03:23.134786,0.47,108.43
2020-07-28 22:03:28.139479,0.47,107.85
2020-07-28 22:03:33.144561,0.47,107.76
2020-07-28 22:03:38.148617,0.47,107.98
2020-07-28 22:03:43.150538,0.47,108.42
2020-07-28 22:03:48.155484,0.47,108.4
2020-07-28 22:03:53.159382,0.47,107.95
2020-07-28 22:03:58.160021,0.47,107.77
2020-07-28 22:04:03.166213,0.47,107.97
2020-07-28 22:04:08.171367,0.47,108.04
2020-07-28 22:04:13.172760,0.47,108.22
2020-07-28 22:04:18.176938,0.47,107.75
2020-07-28 22:04:23.181301,0.47,108.03
2020-07-28 22:04:28.185622,0.47,108.52
2020-07-28 22:04:33.187369,0.37,85.94
2020-07-28 22:04:38.192875,0.15,35.24
2020-07-28 22:04:43.196517,0.17,38.94
2020-07-28 22:04:48.199333,0.36,82.88
2020-07-28 22:04:53.202037,0.36,82.54
2020-07-28 22:04:58.207003,0.36,82.11
2020-07-28 22:05:03.208074,0.36,82.89
2020-07-28 22:05:08.213817,0.36,83.57
2020-07-28 22:05:13.217700,0.36,83.29
2020-07-28 22:05:18.217866,0.36,82.82
2020-07-28 22:05:23.224498,0.36,82.36
2020-07-28 22:05:28.229155,0.36,82.9
2020-07-28 22:05:33.233959,0.36,83.42
2020-07-28 22:05:38.234846,0.36,83.33
2020-07-28 22:05:43.239482,0.36,83.12
2020-07-28 22:05:48.243343,0.36,82.56
2020-07-28 22:05:53.245776,0.36,83.09
2020-07-28 22:05:58.251117,0.36,83.14
2020-07-28 22:06:03.255385,0.36,82.9
2020-07-28 22:06:08.256009,0.36,82.35
2020-07-28 22:06:13.262526,0.36,82.86
2020-07-28 22:06:18.267654,0.36,82.87
2020-07-28 22:06:23.269965,0.36,82.82
2020-07-28 22:06:28.272907,0.36,82.53
2020-07-28 22:06:33.276972,0.36,82.15
2020-07-28 22:06:38.277431,0.36,82.22
2020-07-28 22:06:43.282776,0.33,75.2
2020-07-28 22:06:48.287350,0.23,53.79
2020-07-28 22:06:53.293187,0.47,109.12
2020-07-28 22:06:58.294134,0.47,109.06
2020-07-28 22:07:03.298484,0.48,109.49
2020-07-28 22:07:08.303014,0.47,108.79
2020-07-28 22:07:13.303402,0.47,109.24
2020-07-28 22:07:18.309555,0.47,108.83
2020-07-28 22:07:23.313775,0.47,108.65
2020-07-28 22:07:28.315595,0.47,108.85
2020-07-28 22:07:33.319784,0.47,109.19
2020-07-28 22:07:38.325496,0.48,109.8
2020-07-28 22:07:43.325794,0.48,110.21
2020-07-28 22:07:48.330256,0.48,110.12
2020-07-28 22:07:53.336873,0.48,110.83
2020-07-28 22:07:58.340137,0.48,109.86
2020-07-28 22:08:03.342760,0.48,110.63
2020-07-28 22:08:08.347002,0.48,110.53
2020-07-28 22:08:13.350155,0.48,110.33
2020-07-28 22:08:18.353498,0.48,109.99
2020-07-28 22:08:23.357339,0.48,109.58
2020-07-28 22:08:28.362774,0.48,109.61
2020-07-28 22:08:33.362774,0.48,109.62
2020-07-28 22:08:38.368439,0.48,109.55
2020-07-28 22:08:43.372760,0.48,109.72
2020-07-28 22:08:48.376214,0.36,83.53
2020-07-28 22:08:53.378161,0.16,36.08
2020-07-28 22:08:58.383020,0.17,40.05
2020-07-28 22:09:03.384779,0.37,84.05
2020-07-28 22:09:08.389905,0.37,84.28
2020-07-28 22:09:13.394488,0.36,83.6
2020-07-28 22:09:18.398074,0.36,83.8
2020-07-28 22:09:23.399536,0.38,87.43
2020-07-28 22:09:28.404465,0.38,88.35
2020-07-28 22:09:33.409726,0.39,88.78
2020-07-28 22:09:38.411098,0.38,87.57
2020-07-28 22:09:43.415854,0.35,79.83
2020-07-28 22:09:48.421793,0.34,79.32
2020-07-28 22:09:53.424953,0.33,76.74
2020-07-28 22:09:58.427516,0.33,76.81
2020-07-28 22:10:03.431384,0.33,76.39
2020-07-28 22:10:08.435557,0.33,76.53
2020-07-28 22:10:13.436764,0.34,77.75
2020-07-28 22:10:18.441770,0.35,80.62
2020-07-28 22:10:23.446387,0.34,78.74
2020-07-28 22:10:28.448539,0.33,76.47
2020-07-28 22:10:33.452795,0.33,76.45
2020-07-28 22:10:38.457352,0.33,76.51
2020-07-28 22:10:43.461782,0.33,75.86
2020-07-28 22:10:48.464173,0.33,76.41
2020-07-28 22:10:53.467528,0.33,76.23
2020-07-28 22:10:58.474952,0.33,75.79
2020-07-28 22:11:03.473885,0.33,75.87
2020-07-28 22:11:08.481920,0.3,69.3
2020-07-28 22:11:13.480415,0.17,39.23
2020-07-28 22:11:18.485458,0.24,56.05
2020-07-28 22:11:23.490575,0.31,70.26
2020-07-28 22:11:28.495513,0.31,70.2
2020-07-28 22:11:33.499076,0.3,70.14
2020-07-28 22:11:38.500309,0.31,70.56
2020-07-28 22:11:43.505495,0.31,70.6
2020-07-28 22:11:48.507318,0.3,70.14
2020-07-28 22:11:53.512387,0.31,70.55
2020-07-28 22:11:58.516399,0.3,70.06
2020-07-28 22:12:03.516661,0.3,69.91
2020-07-28 22:12:08.522522,0.3,70.02
2020-07-28 22:12:13.526223,0.3,70.04
2020-07-28 22:12:18.532495,0.31,70.31
2020-07-28 22:12:23.532785,0.3,68.18
2020-07-28 22:12:28.538456,0.28,65.51
2020-07-28 22:12:33.542133,0.28,65.3
2020-07-28 22:12:38.544252,0.28,64.93
2020-07-28 22:12:43.548495,0.28,65.36
2020-07-28 22:12:48.553013,0.28,65.54
2020-07-28 22:12:53.554004,0.29,66.39
2020-07-28 22:12:58.558918,0.29,66.22
2020-07-28 22:13:03.565693,0.29,66.11
2020-07-28 22:13:08.569863,0.29,66.21
2020-07-28 22:13:13.569653,0.29,66.16
2020-07-28 22:13:18.574754,0.29,66.43
2020-07-28 22:13:23.579031,0.29,66.81
2020-07-28 22:13:28.580831,0.29,66.6
2020-07-28 22:13:33.585541,0.29,67.11
2020-07-28 22:13:38.587184,0.29,66.93
2020-07-28 22:13:43.591460,0.29,67.13
2020-07-28 22:13:48.597891,0.29,67.23
2020-07-28 22:13:53.602592,0.29,67.3
2020-07-28 22:13:58.603285,0.29,67.25
2020-07-28 22:14:03.607450,0.29,67.25
2020-07-28 22:14:08.611987,0.29,67.53
2020-07-28 22:14:13.612780,0.29,67.68
2020-07-28 22:14:18.616445,0.2,47.08
2020-07-28 22:14:23.622583,0.21,47.86
2020-07-28 22:14:28.623778,0.41,93.99
2020-07-28 22:14:33.629065,0.41,93.69
2020-07-28 22:14:38.633042,0.41,93.22
2020-07-28 22:14:43.637774,0.4,92.76
2020-07-28 22:14:48.640552,0.4,92.44
2020-07-28 22:14:53.643103,0.4,91.53
2020-07-28 22:14:58.648820,0.4,91.24
2020-07-28 22:15:03.649701,0.4,91.19
2020-07-28 22:15:08.654661,0.39,90.73
2020-07-28 22:15:13.658935,0.4,90.86
2020-07-28 22:15:18.660880,0.4,91.74
2020-07-28 22:15:23.666192,0.4,91.5
2020-07-28 22:15:28.670339,0.4,91.1
2020-07-28 22:15:33.674785,0.4,91.16
2020-07-28 22:15:38.677797,0.4,91.53
2020-07-28 22:15:43.681773,0.4,92.61
2020-07-28 22:15:48.686011,0.4,91.91
2020-07-28 22:15:53.689840,0.4,91.71
2020-07-28 22:15:58.692418,0.4,92.0
2020-07-28 22:16:03.697181,0.4,91.89
2020-07-28 22:16:08.700783,0.4,92.13
2020-07-28 22:16:13.702034,0.4,92.32
2020-07-28 22:16:18.708486,0.4,92.14
2020-07-28 22:16:23.710441,0.3,69.2
2020-07-28 22:16:28.714264,0.16,36.85
2020-07-28 22:16:33.718406,0.26,59.14
2020-07-28 22:16:38.722849,0.29,65.81
2020-07-28 22:16:43.723952,0.29,66.03
2020-07-28 22:16:48.728895,0.29,65.59
2020-07-28 22:16:53.733782,0.29,66.34
2020-07-28 22:16:58.737066,0.29,66.02
2020-07-28 22:17:03.740669,0.29,66.52
2020-07-28 22:17:08.745208,0.29,66.77
2020-07-28 22:17:13.745467,0.3,69.05
2020-07-28 22:17:18.750939,0.3,68.08
2020-07-28 22:17:23.755385,0.29,67.62
2020-07-28 22:17:28.759865,0.29,66.22
2020-07-28 22:17:33.760508,0.29,66.52
2020-07-28 22:17:38.766388,0.29,66.39
2020-07-28 22:17:43.770751,0.3,68.86
2020-07-28 22:17:48.772507,0.3,69.11
2020-07-28 22:17:53.777488,0.29,67.65
2020-07-28 22:17:58.780765,0.29,67.46
2020-07-28 22:18:03.782779,0.29,66.01
2020-07-28 22:18:08.787762,0.29,65.97
2020-07-28 22:18:13.792584,0.29,66.19
2020-07-28 22:18:18.797395,0.29,66.04
2020-07-28 22:18:23.798363,0.29,66.16
2020-07-28 22:18:28.804231,0.29,66.23
2020-07-28 22:18:33.807219,0.29,65.7
2020-07-28 22:18:38.809478,0.29,65.97
2020-07-28 22:18:43.814774,0.29,65.7
2020-07-28 22:18:48.818719,0.29,65.94
2020-07-28 22:18:53.819128,0.29,66.31
2020-07-28 22:18:58.824798,0.28,65.42
2020-07-28 22:19:03.829886,0.29,65.6
2020-07-28 22:19:08.831395,0.29,65.92
2020-07-28 22:19:13.836004,0.29,65.77
2020-07-28 22:19:18.840520,0.28,65.25
2020-07-28 22:19:23.841758,0.29,65.88
2020-07-28 22:19:28.847161,0.28,65.44
2020-07-28 22:19:33.851759,0.17,38.05
2020-07-28 22:19:38.852790,0.27,62.12
2020-07-28 22:19:43.856854,0.4,91.14
2020-07-28 22:19:48.861782,0.4,91.23
2020-07-28 22:19:53.867009,0.4,91.15
2020-07-28 22:19:58.868618,0.4,91.77
2020-07-28 22:20:03.872780,0.41,93.71
2020-07-28 22:20:08.877745,0.4,92.77
2020-07-28 22:20:13.877967,0.4,92.5
2020-07-28 22:20:18.884296,0.4,92.53
2020-07-28 22:20:23.888171,0.41,93.27
2020-07-28 22:20:28.890082,0.4,93.11
2020-07-28 22:20:33.893694,0.4,93.01
2020-07-28 22:20:38.900622,0.4,93.14
2020-07-28 22:20:43.899809,0.4,92.85
2020-07-28 22:20:48.905763,0.4,92.78
2020-07-28 22:20:53.910363,0.4,92.61
2020-07-28 22:20:58.910645,0.4,93.06
2020-07-28 22:21:03.915485,0.4,93.06
2020-07-28 22:21:08.920396,0.4,92.57
2020-07-28 22:21:13.921759,0.4,91.74
2020-07-28 22:21:18.926799,0.4,91.96
2020-07-28 22:21:23.932181,0.4,91.54
2020-07-28 22:21:28.935680,0.4,91.98
2020-07-28 22:21:33.936953,0.4,91.75
2020-07-28 22:21:38.941791,0.23,52.98
2020-07-28 22:21:43.947080,0.16,37.79
2020-07-28 22:21:48.953189,0.29,65.97
2020-07-28 22:21:53.953041,0.29,66.15
2020-07-28 22:21:58.958447,0.29,66.2
2020-07-28 22:22:03.962776,0.29,66.03
2020-07-28 22:22:08.964361,0.29,66.12
2020-07-28 22:22:13.968084,0.29,66.26
2020-07-28 22:22:18.973199,0.26,58.98
2020-07-28 22:22:23.974377,0.16,36.49
2020-07-28 22:22:28.980043,0.1,23.14
2020-07-28 22:22:33.983975,0.06,12.98
2020-07-28 22:22:38.988841,0.16,36.18
2020-07-28 22:22:43.990794,0.08,17.58
2020-07-28 22:22:48.995708,0.11,24.16
2020-07-28 22:22:53.995262,0.1,23.94
2020-07-28 22:22:59.001838,0.11,24.38
2020-07-28 22:23:04.005067,0.09,19.77
2020-07-28 22:23:09.010257,0.08,18.2
2020-07-28 22:23:14.011769,0.06,14.42
2020-07-28 22:23:19.016401,0.19,42.82
2020-07-28 22:23:24.020752,0.21,47.42
2020-07-28 22:23:29.023776,0.1,23.57
2020-07-28 22:23:34.027496,-0.02,-4.47
2020-07-28 22:23:39.031522,0.03,5.84
2020-07-28 22:23:44.032779,0.08,17.81
2020-07-28 22:23:49.038613,0.02,4.3
2020-07-28 22:23:54.041892,-0.02,-4.61
2020-07-28 22:23:59.043795,-0.02,-4.75
2020-07-28 22:24:04.048368,-0.02,-5.3
2020-07-28 22:24:09.053302,0.08,18.22
2020-07-28 22:24:14.058103,0.08,17.63
2020-07-28 22:24:19.060685,0.08,17.72
2020-07-28 22:24:24.064427,0.08,17.81
2020-07-28 22:24:29.069941,0.08,17.63
2020-07-28 22:24:34.070155,0.08,17.59
2020-07-28 22:24:39.074760,0.07,16.99
2020-07-28 22:24:44.079661,0.07,16.43
2020-07-28 22:24:49.080889,0.17,39.11
2020-07-28 22:24:54.087364,0.16,36.84
2020-07-28 22:24:59.091480,0.18,41.66
2020-07-28 22:25:04.092571,0.19,42.83
2020-07-28 22:25:09.096523,0.17,40.14
2020-07-28 22:25:14.101784,0.16,36.67
2020-07-28 22:25:19.105468,0.15,35.32
2020-07-28 22:25:24.107443,0.14,31.38
2020-07-28 22:25:29.113383,0.14,31.31
2020-07-28 22:25:34.112410,0.17,39.04
2020-07-28 22:25:39.118382,0.17,39.58
2020-07-28 22:25:44.122782,0.18,42.49
2020-07-28 22:25:49.128559,0.19,42.95
2020-07-28 22:25:54.129138,0.17,38.31
2020-07-28 22:25:59.134600,0.34,78.67
2020-07-28 22:26:04.138308,0.37,85.69
2020-07-28 22:26:09.140034,0.37,86.02
2020-07-28 22:26:14.143789,0.38,86.71
2020-07-28 22:26:19.148409,0.38,86.35
2020-07-28 22:26:24.150363,0.39,90.84
2020-07-28 22:26:29.154848,0.4,91.5
2020-07-28 22:26:34.161409,0.4,90.9
2020-07-28 22:26:39.160810,0.39,89.34
2020-07-28 22:26:44.166132,0.38,86.69
2020-07-28 22:26:49.171533,0.19,44.82
2020-07-28 22:26:54.174544,0.42,96.57
2020-07-28 22:26:59.176395,0.43,99.65
2020-07-28 22:27:04.181773,0.44,100.36
2020-07-28 22:27:09.186144,0.43,99.4
2020-07-28 22:27:14.187290,0.43,98.39
2020-07-28 22:27:19.192795,0.42,97.28
2020-07-28 22:27:24.197805,0.42,96.02
2020-07-28 22:27:29.197769,0.42,96.55
2020-07-28 22:27:34.203530,0.42,96.17
2020-07-28 22:27:39.208380,0.42,97.28
2020-07-28 22:27:44.212794,0.42,97.62
2020-07-28 22:27:49.213780,0.38,88.35
2020-07-28 22:27:54.219818,0.17,38.13
2020-07-28 22:27:59.224598,0.18,41.96
2020-07-28 22:28:04.224496,0.17,40.01
2020-07-28 22:28:09.230129,0.18,40.32
2020-07-28 22:28:14.236177,0.36,83.7
2020-07-28 22:28:19.235926,0.36,82.74
2020-07-28 22:28:24.240432,0.36,83.54
2020-07-28 22:28:29.244802,0.36,83.69
2020-07-28 22:28:34.249609,0.37,84.8
2020-07-28 22:28:39.250184,0.37,84.08
2020-07-28 22:28:44.255538,0.37,84.41
2020-07-28 22:28:49.261787,0.36,83.57
2020-07-28 22:28:54.261765,0.37,85.04
2020-07-28 22:28:59.266439,0.33,74.91
2020-07-28 22:29:04.270751,0.23,53.61
2020-07-28 22:29:09.273788,0.42,96.49
2020-07-28 22:29:14.278014,0.42,96.22
2020-07-28 22:29:19.282785,0.42,97.14
2020-07-28 22:29:24.282948,0.42,97.53
2020-07-28 22:29:29.287735,0.43,98.22
2020-07-28 22:29:34.292553,0.43,98.01
2020-07-28 22:29:39.296914,0.43,98.01
2020-07-28 22:29:44.298398,0.43,97.81
2020-07-28 22:29:49.303750,0.42,96.48
2020-07-28 22:29:54.307339,0.42,96.6
2020-07-28 22:29:59.311205,0.42,95.8
2020-07-28 22:30:04.314568,0.32,73.59
2020-07-28 22:30:09.319431,0.17,38.03
2020-07-28 22:30:14.320389,0.18,40.3
2020-07-28 22:30:19.324920,0.16,37.55
2020-07-28 22:30:24.329880,0.21,48.35
2020-07-28 22:30:29.331042,0.37,84.05
2020-07-28 22:30:34.335607,0.36,83.49
2020-07-28 22:30:39.341006,0.36,82.18
2020-07-28 22:30:44.341773,0.36,83.07
2020-07-28 22:30:49.346548,0.36,83.69
2020-07-28 22:30:54.351431,0.36,83.12
2020-07-28 22:30:59.351969,0.36,83.5
2020-07-28 22:31:04.357605,0.36,83.13
2020-07-28 22:31:09.362181,0.36,83.38
2020-07-28 22:31:14.366931,0.28,63.47
2020-07-28 22:31:19.369784,0.28,63.32
2020-07-28 22:31:24.373440,0.41,95.19
2020-07-28 22:31:29.377922,0.42,95.8
2020-07-28 22:31:34.378534,0.42,96.14
2020-07-28 22:31:39.383982,0.34,78.97
2020-07-28 22:31:44.389618,0.19,43.88
2020-07-28 22:31:49.390479,0.09,21.35
2020-07-28 22:31:54.394413,0.06,14.88
2020-07-28 22:31:59.400064,0.15,33.79
2020-07-28 22:32:04.404040,0.08,18.53
2020-07-28 22:32:09.405331,0.1,24.14
2020-07-28 22:32:14.409998,0.1,23.78
2020-07-28 22:32:19.414014,0.1,23.29
2020-07-28 22:32:24.416309,0.09,19.65
2020-07-28 22:32:29.420164,0.08,17.68
2020-07-28 22:32:34.424492,0.07,16.32
2020-07-28 22:32:39.427807,0.19,44.19
2020-07-28 22:32:44.433330,0.2,46.67
2020-07-28 22:32:49.436293,0.01,1.92
2020-07-28 22:32:54.440139,-0.02,-4.8
2020-07-28 22:32:59.442564,0.08,17.44
2020-07-28 22:33:04.446870,0.05,11.19
2020-07-28 22:33:09.449287,0.07,15.95
2020-07-28 22:33:14.452901,0.08,18.52
2020-07-28 22:33:19.457874,0.08,17.74
2020-07-28 22:33:24.462340,0.08,17.42
2020-07-28 22:33:29.463793,0.08,17.32
2020-07-28 22:33:34.467428,0.07,16.97
2020-07-28 22:33:39.473451,0.07,16.85
2020-07-28 22:33:44.474291,0.07,16.59
2020-07-28 22:33:49.478643,0.13,30.65
2020-07-28 22:33:54.484163,0.16,36.06
2020-07-28 22:33:59.490419,0.18,41.9
2020-07-28 22:34:04.489909,0.19,43.22
2020-07-28 22:34:09.495859,0.19,42.73
2020-07-28 22:34:14.500805,0.16,36.61
2020-07-28 22:34:19.500683,0.15,34.84
2020-07-28 22:34:24.505760,0.15,33.46
2020-07-28 22:34:29.510235,0.14,32.25
2020-07-28 22:34:34.511750,0.16,37.52
2020-07-28 22:34:39.517290,0.17,39.15
2020-07-28 22:34:44.521565,0.19,42.57
2020-07-28 22:34:49.525368,0.19,43.21
2020-07-28 22:34:54.527493,0.17,39.22
2020-07-28 22:34:59.533243,0.28,65.32
2020-07-28 22:35:04.535933,0.38,86.54
2020-07-28 22:35:09.537087,0.38,86.4
2020-07-28 22:35:14.542841,0.38,86.34
2020-07-28 22:35:19.547717,0.38,86.35
2020-07-28 22:35:24.549462,0.38,86.74
2020-07-28 22:35:29.552779,0.37,86.2
2020-07-28 22:35:34.558876,0.37,85.92
2020-07-28 22:35:39.560081,0.37,84.73
2020-07-28 22:35:44.564329,0.37,85.22
2020-07-28 22:35:49.569170,0.24,54.91
2020-07-28 22:35:54.570603,0.36,82.28
2020-07-28 22:35:59.574863,0.43,98.47
2020-07-28 22:36:04.580509,0.43,98.43
2020-07-28 22:36:09.582525,0.42,97.73
2020-07-28 22:36:14.585707,0.43,98.34
2020-07-28 22:36:19.591007,0.42,97.67
2020-07-28 22:36:24.595911,0.43,98.22
2020-07-28 22:36:29.596618,0.43,97.76
2020-07-28 22:36:34.601533,0.42,97.47
2020-07-28 22:36:39.606362,0.43,97.94
2020-07-28 22:36:44.607182,0.43,97.97
2020-07-28 22:36:49.612780,0.43,97.99
2020-07-28 22:36:54.616961,0.2,46.99
2020-07-28 22:36:59.618762,0.18,40.62
2020-07-28 22:37:04.623784,0.18,41.43
2020-07-28 22:37:09.627875,0.16,36.25
2020-07-28 22:37:14.632701,0.32,74.72
2020-07-28 22:37:19.634786,0.37,84.89
2020-07-28 22:37:24.639409,0.37,85.26
2020-07-28 22:37:29.643387,0.37,84.43
2020-07-28 22:37:34.650798,0.37,84.73
2020-07-28 22:37:39.649545,0.37,85.2
2020-07-28 22:37:44.653144,0.37,84.94
2020-07-28 22:37:49.654866,0.37,84.93
2020-07-28 22:37:54.660987,0.37,84.65
2020-07-28 22:37:59.665928,0.36,83.66
2020-07-28 22:38:04.665332,0.2,45.3
2020-07-28 22:38:09.670039,0.41,95.07
2020-07-28 22:38:14.675654,0.42,96.57
2020-07-28 22:38:19.679524,0.42,96.49
2020-07-28 22:38:24.682360,0.42,96.12
2020-07-28 22:38:29.687078,0.42,96.75
2020-07-28 22:38:34.686301,0.42,96.2
2020-07-28 22:38:39.693197,0.42,96.16
2020-07-28 22:38:44.697549,0.42,97.02
2020-07-28 22:38:49.703492,0.42,95.94
2020-07-28 22:38:54.703805,0.42,96.2
2020-07-28 22:38:59.707960,0.42,96.82
2020-07-28 22:39:04.711618,0.4,91.97
2020-07-28 22:39:09.712773,0.16,36.88
2020-07-28 22:39:14.718815,0.18,40.66
2020-07-28 22:39:19.724516,0.17,39.67
2020-07-28 22:39:24.728456,0.16,36.98
2020-07-28 22:39:29.729314,0.36,82.27
2020-07-28 22:39:34.734253,0.36,83.47
2020-07-28 22:39:39.738473,0.36,83.39
2020-07-28 22:39:44.740028,0.37,84.13
2020-07-28 22:39:49.746072,0.36,83.9
2020-07-28 22:39:54.749934,0.37,84.12
2020-07-28 22:39:59.754821,0.36,83.9
2020-07-28 22:40:04.756398,0.36,83.75
2020-07-28 22:40:09.761883,0.36,83.08
2020-07-28 22:40:14.764923,0.34,78.23
2020-07-28 22:40:19.766381,0.22,49.62
2020-07-28 22:40:24.771781,0.42,96.41
2020-07-28 22:40:29.774919,0.42,96.29
2020-07-28 22:40:34.777984,0.42,95.61
2020-07-28 22:40:39.783128,0.33,75.23
2020-07-28 22:40:44.788024,0.18,41.09
2020-07-28 22:40:49.788818,0.09,20.48
2020-07-28 22:40:54.792871,0.07,16.76
2020-07-28 22:40:59.798372,0.14,32.34
2020-07-28 22:41:04.801775,0.09,20.09
2020-07-28 22:41:09.803604,0.11,24.63
2020-07-28 22:41:14.808718,0.11,24.22
2020-07-28 22:41:19.809707,0.1,23.84
2020-07-28 22:41:24.815332,0.08,19.27
2020-07-28 22:41:29.819787,0.08,17.76
2020-07-28 22:41:34.824940,0.08,19.51
2020-07-28 22:41:39.825309,0.2,45.4
2020-07-28 22:41:44.830784,0.19,44.79
2020-07-28 22:41:49.834985,-0.01,-1.23
2020-07-28 22:41:54.835783,-0.02,-5.19
2020-07-28 22:41:59.840742,0.08,18.93
2020-07-28 22:42:04.845643,0.04,10.02
2020-07-28 22:42:09.847306,0.03,6.37
2020-07-28 22:42:14.851738,0.08,18.38
2020-07-28 22:42:19.856825,0.07,17.15
2020-07-28 22:42:24.857579,0.07,16.56
2020-07-28 22:42:29.862853,0.07,16.42
2020-07-28 22:42:34.867380,0.07,16.17
2020-07-28 22:42:39.871779,0.07,16.31
2020-07-28 22:42:44.872931,0.07,16.32
2020-07-28 22:42:49.876977,0.1,22.6
2020-07-28 22:42:54.882296,0.14,32.67
2020-07-28 22:42:59.884058,0.19,43.95
2020-07-28 22:43:04.888795,0.19,42.85
2020-07-28 22:43:09.893822,0.19,42.67
2020-07-28 22:43:14.894689,0.16,37.35
2020-07-28 22:43:19.900398,0.16,36.65
2020-07-28 22:43:24.904798,0.14,33.12
2020-07-28 22:43:29.909165,0.14,31.45
2020-07-28 22:43:34.910368,0.14,32.02
2020-07-28 22:43:39.914991,0.15,35.61
2020-07-28 22:43:44.919121,0.15,35.1
2020-07-28 22:43:49.921921,7.91,1818.98
2020-07-28 22:43:54.926770,9.69,2228.15
2020-07-28 22:43:59.930387,9.69,2228.27
2020-07-28 22:44:04.932257,9.67,2224.24
2020-07-28 22:44:09.937410,9.68,2226.51
2020-07-28 22:44:14.941822,9.65,2219.54
2020-07-28 22:44:19.946022,9.63,2215.54
2020-07-28 22:44:24.947963,9.63,2213.95
2020-07-28 22:44:29.951343,9.62,2212.75
2020-07-28 22:44:34.955777,9.61,2210.36
2020-07-28 22:44:39.958819,9.6,2208.62
2020-07-28 22:44:44.963905,9.6,2207.63
2020-07-28 22:44:49.967762,9.58,2204.38
2020-07-28 22:44:54.968946,9.59,2204.8
2020-07-28 22:44:59.973872,9.58,2202.61
2020-07-28 22:45:04.978546,9.58,2203.21
2020-07-28 22:45:09.980395,9.56,2199.14
2020-07-28 22:45:14.984128,9.56,2198.12
2020-07-28 22:45:19.989956,9.58,2204.36
2020-07-28 22:45:24.994209,9.57,2200.26
2020-07-28 22:45:29.995410,9.53,2191.38
2020-07-28 22:45:35.001051,9.47,2178.32
2020-07-28 22:45:40.006159,9.47,2177.73
2020-07-28 22:45:45.007823,9.46,2175.3
2020-07-28 22:45:50.011374,9.46,2176.2
2020-07-28 22:45:55.015935,9.45,2172.61
2020-07-28 22:46:00.020045,9.45,2172.95
2020-07-28 22:46:05.021773,9.45,2172.53
2020-07-28 22:46:10.026790,9.44,2171.15
2020-07-28 22:46:15.031514,9.44,2171.06
2020-07-28 22:46:20.033789,9.43,2170.0
2020-07-28 22:46:25.037577,9.42,2166.82
2020-07-28 22:46:30.041450,9.42,2166.99
2020-07-28 22:46:35.043818,9.41,2164.9
2020-07-28 22:46:40.048923,9.46,2176.8
2020-07-28 22:46:45.052077,9.48,2179.61
2020-07-28 22:46:50.054395,9.48,2180.47
2020-07-28 22:46:55.059648,9.45,2174.52
2020-07-28 22:47:00.062995,9.44,2172.09
2020-07-28 22:47:05.068454,9.44,2172.33
2020-07-28 22:47:10.069804,9.44,2171.01
2020-07-28 22:47:15.074862,9.43,2167.89
2020-07-28 22:47:20.078924,9.43,2169.84
2020-07-28 22:47:25.081051,9.42,2166.6
2020-07-28 22:47:30.085570,9.42,2166.48
2020-07-28 22:47:35.089916,9.41,2164.91
2020-07-28 22:47:40.091406,9.41,2163.52
2020-07-28 22:47:45.095779,9.4,2161.03
2020-07-28 22:47:50.102256,9.41,2164.94
2020-07-28 22:47:55.104558,9.42,2167.08
2020-07-28 22:48:00.107517,9.45,2172.89
2020-07-28 22:48:05.111504,9.46,2174.89
2020-07-28 22:48:10.113647,9.44,2170.88
2020-07-28 22:48:15.118259,9.4,2161.9
2020-07-28 22:48:20.122433,9.38,2156.78
2020-07-28 22:48:25.123777,9.31,2141.09
2020-07-28 22:48:30.128307,9.31,2141.59
2020-07-28 22:48:35.133784,9.3,2138.86
2020-07-28 22:48:40.137392,9.31,2140.42
2020-07-28 22:48:45.139080,9.29,2136.01
2020-07-28 22:48:50.145556,9.29,2137.75
2020-07-28 22:48:55.147889,9.28,2135.18
2020-07-28 22:49:00.150018,9.28,2133.84
2020-07-28 22:49:05.155332,9.27,2132.21
2020-07-28 22:49:10.158757,9.27,2131.07
2020-07-28 22:49:15.161961,9.25,2127.69
2020-07-28 22:49:20.165555,9.25,2127.04
2020-07-28 22:49:25.170899,9.24,2126.13
2020-07-28 22:49:30.174283,9.24,2124.62
2020-07-28 22:49:35.175947,9.24,2124.66
2020-07-28 22:49:40.181727,9.24,2124.45
2020-07-28 22:49:45.185663,9.23,2122.64
2020-07-28 22:49:50.186341,9.22,2120.96
2020-07-28 22:49:55.191689,9.22,2120.4
2020-07-28 22:50:00.196381,9.22,2120.1
2020-07-28 22:50:05.198996,9.2,2116.95
2020-07-28 22:50:10.202883,9.26,2129.28
2020-07-28 22:50:15.207170,9.27,2132.19
2020-07-28 22:50:20.209344,9.27,2131.88
2020-07-28 22:50:25.212959,9.24,2126.14
2020-07-28 22:50:30.217891,9.24,2124.57
2020-07-28 22:50:35.219216,9.24,2125.19
2020-07-28 22:50:40.224506,9.23,2123.87
2020-07-28 22:50:45.229351,9.24,2125.32
2020-07-28 22:50:50.232517,9.23,2123.36
2020-07-28 22:50:55.235333,9.23,2122.53
2020-07-28 22:51:00.240204,9.22,2120.37
2020-07-28 22:51:05.244182,9.21,2117.99
2020-07-28 22:51:10.244101,9.21,2117.55
2020-07-28 22:51:15.250416,9.21,2118.16
2020-07-28 22:51:20.255864,9.21,2117.71
2020-07-28 22:51:25.260118,9.22,2121.23
2020-07-28 22:51:30.261769,9.24,2125.2
2020-07-28 22:51:35.266271,9.25,2128.08
2020-07-28 22:51:40.270635,9.24,2125.78
2020-07-28 22:51:45.273386,9.21,2118.44
2020-07-28 22:51:50.277538,9.18,2111.74
2020-07-28 22:51:55.281653,9.18,2111.94
2020-07-28 22:52:00.283100,9.17,2109.79
2020-07-28 22:52:05.287397,9.17,2109.57
2020-07-28 22:52:10.293559,9.16,2107.32
2020-07-28 22:52:15.297001,9.17,2108.36
2020-07-28 22:52:20.297977,9.16,2106.08
2020-07-28 22:52:25.304996,9.15,2105.4
2020-07-28 22:52:30.306701,9.15,2103.95
2020-07-28 22:52:35.309740,9.15,2104.13
2020-07-28 22:52:40.314696,9.13,2100.15
2020-07-28 22:52:45.317208,8.73,2008.14
2020-07-28 22:52:50.319848,0.16,37.66
2020-07-28 22:52:55.324424,0.15,34.51
2020-07-28 22:53:00.330068,-0.04,-8.9
2020-07-28 22:53:05.330210,-0.04,-9.11
2020-07-28 22:53:10.336023,-0.04,-8.89
2020-07-28 22:53:15.341080,-0.04,-8.87
2020-07-28 22:53:20.343927,-0.04,-8.95
2020-07-28 22:53:25.346426,-0.04,-8.94
2020-07-28 22:53:30.352089,-0.04,-8.97
2020-07-28 22:53:35.354792,-0.04,-8.98
2020-07-28 22:53:40.358056,-0.03,-7.49
2020-07-28 22:53:45.363184,0.13,29.26
2020-07-28 22:53:50.366346,0.19,44.29
2020-07-28 22:53:55.367326,0.19,43.11
2020-07-28 22:54:00.373934,0.06,13.22
2020-07-28 22:54:05.376442,0.02,4.23
2020-07-28 22:54:10.378386,0.0,1.12
2020-07-28 22:54:15.383784,-0.0,-0.76
2020-07-28 22:54:20.388638,0.07,14.95
2020-07-28 22:54:25.389408,0.02,4.6
2020-07-28 22:54:30.395228,0.0,1.03
2020-07-28 22:54:35.399382,-0.01,-1.52
2020-07-28 22:54:40.399763,-0.04,-9.11
2020-07-28 22:54:45.404752,-0.04,-9.05
2020-07-28 22:54:50.410077,-0.04,-8.61
2020-07-28 22:54:55.414362,-0.04,-8.99
2020-07-28 22:55:00.416211,-0.04,-9.03
2020-07-28 22:55:05.421147,-0.04,-8.9
2020-07-28 22:55:10.424704,-0.04,-9.05
2020-07-28 22:55:15.426454,-0.04,-9.07
2020-07-28 22:55:20.431949,-0.04,-9.05
2020-07-28 22:55:25.435437,-0.04,-8.98
2020-07-28 22:55:30.437565,-0.04,-8.87
2020-07-28 22:55:35.442473,-0.04,-9.15
2020-07-28 22:55:40.448485,-0.04,-9.13
2020-07-28 22:55:45.451759,-0.04,-9.04
2020-07-28 22:55:50.453059,-0.04,-8.94
2020-07-28 22:55:55.457400,-0.04,-9.14
2020-07-28 22:56:00.461774,-0.04,-8.54
2020-07-28 22:56:05.464781,-0.04,-8.55
2020-07-28 22:56:10.469962,-0.04,-8.62
2020-07-28 22:56:15.472865,-0.04,-8.62
2020-07-28 22:56:20.474385,-0.04,-8.5
2020-07-28 22:56:25.479399,-0.04,-8.56
2020-07-28 22:56:30.484712,-0.04,-8.39
2020-07-28 22:56:35.488056,-0.04,-8.23
2020-07-28 22:56:40.492161,-0.04,-8.33
2020-07-28 22:56:45.493743,-0.04,-8.28
2020-07-28 22:56:50.499052,-0.04,-8.31
2020-07-28 22:56:55.500227,-0.04,-8.37
2020-07-28 22:57:00.505161,-0.04,-8.37
2020-07-28 22:57:05.510204,-0.04,-8.22
2020-07-28 22:57:10.514512,-0.04,-8.37
2020-07-28 22:57:15.516440,-0.04,-8.23
2020-07-28 22:57:20.522101,-0.04,-8.43
2020-07-28 22:57:25.525368,-0.04,-8.16
2020-07-28 22:57:30.527452,-0.04,-8.23
2020-07-28 22:57:35.533451,-0.03,-8.0
2020-07-28 22:57:40.536442,-0.03,-5.98
2020-07-28 22:57:45.540880,-0.03,-6.15
2020-07-28 22:57:50.544040,-0.02,-5.7
2020-07-28 22:57:55.548244,-0.03,-5.94
2020-07-28 22:58:00.552043,-0.03,-5.77
2020-07-28 22:58:05.552199,-0.03,-5.87
2020-07-28 22:58:10.558809,-0.03,-5.95
2020-07-28 22:58:15.562770,-0.03,-5.87
2020-07-28 22:58:20.565773,-0.03,-5.9
2020-07-28 22:58:25.568708,-0.03,-6.02
2020-07-28 22:58:30.574969,-0.03,-6.12
2020-07-28 22:58:35.575382,-0.03,-6.26
2020-07-28 22:58:40.579912,-0.03,-6.04
2020-07-28 22:58:45.584977,-0.03,-6.52
2020-07-28 22:58:50.589264,-0.03,-6.96
2020-07-28 22:58:55.590388,-0.04,-8.68
2020-07-28 22:59:00.595106,-0.04,-8.75
2020-07-28 22:59:05.596973,-0.04,-8.66
2020-07-28 22:59:10.601578,-0.04,-8.77
2020-07-28 22:59:15.606363,-0.04,-8.67
2020-07-28 22:59:20.610860,-0.04,-8.61
2020-07-28 22:59:25.611609,-0.04,-8.65
2020-07-28 22:59:30.617441,-0.04,-8.28
2020-07-28 22:59:35.621759,-0.04,-8.61
2020-07-28 22:59:40.625570,-0.04,-8.41
2020-07-28 22:59:45.628452,-0.04,-8.34
2020-07-28 22:59:50.632108,-0.04,-8.26
2020-07-28 22:59:55.634801,-0.04,-8.1
2020-07-28 23:00:00.638987,-0.04,-8.37
2020-07-28 23:00:05.643717,-0.04,-8.53
2020-07-28 23:00:10.646779,-0.04,-8.34
2020-07-28 23:00:15.649785,-0.04,-8.37
2020-07-28 23:00:20.655113,-0.04,-8.64
2020-07-28 23:00:25.659155,-0.04,-8.38
2020-07-28 23:00:30.660253,-0.04,-8.16
2020-07-28 23:00:35.664453,-0.04,-8.23
2020-07-28 23:00:40.670393,-0.04,-8.22
2020-07-28 23:00:45.670279,-0.04,-8.43
2020-07-28 23:00:50.676191,-0.04,-8.27
2020-07-28 23:00:55.681131,-0.04,-8.33
2020-07-28 23:01:00.682516,-0.04,-8.38
2020-07-28 23:01:05.686363,-0.04,-8.35
2020-07-28 23:01:10.691450,-0.04,-8.31
2020-07-28 23:01:15.695768,-0.04,-8.38
2020-07-28 23:01:20.697969,-0.04,-8.35
2020-07-28 23:01:25.701773,-0.04,-8.07
2020-07-28 23:01:30.705871,-0.04,-8.36
2020-07-28 23:01:35.708392,-0.04,-8.29
2020-07-28 23:01:40.713491,-0.04,-8.26
2020-07-28 23:01:45.717127,-0.04,-8.22
2020-07-28 23:01:50.717964,-0.04,-8.31
2020-07-28 23:01:55.723991,-0.04,-8.36
2020-07-28 23:02:00.728396,-0.04,-8.28
2020-07-28 23:02:05.732085,-0.04,-8.16
2020-07-28 23:02:10.733783,-0.04,-8.3
2020-07-28 23:02:15.738732,-0.04,-8.47
2020-07-28 23:02:20.744025,-0.04,-8.48
2020-07-28 23:02:25.745529,-0.04,-8.28
2020-07-28 23:02:30.750468,-0.04,-8.39
2020-07-28 23:02:35.754340,-0.04,-8.39
2020-07-28 23:02:40.756189,-0.04,-8.31
2020-07-28 23:02:45.762206,-0.04,-8.64
2020-07-28 23:02:50.765906,-0.04,-8.7
2020-07-28 23:02:55.770994,-0.04,-8.52
2020-07-28 23:03:00.772760,-0.04,-8.49
2020-07-28 23:03:05.777534,-0.04,-8.38
2020-07-28 23:03:10.780755,-0.04,-8.71
2020-07-28 23:03:15.786907,-0.04,-8.68
2020-07-28 23:03:20.786928,-0.04,-8.59
2020-07-28 23:03:25.791010,-0.04,-8.39
2020-07-28 23:03:30.796978,-0.04,-8.46
2020-07-28 23:03:35.799004,-0.04,-8.43
2020-07-28 23:03:40.802790,-0.04,-8.39
2020-07-28 23:03:45.807555,-0.04,-8.31
2020-07-28 23:03:50.809454,-0.04,-8.41
2020-07-28 23:03:55.813988,-0.04,-8.59
2020-07-28 23:04:00.818740,-0.04,-8.37
2020-07-28 23:04:05.822784,-0.04,-8.6
2020-07-28 23:04:10.823306,-0.04,-8.48
2020-07-28 23:04:15.829677,-0.04,-8.27
2020-07-28 23:04:20.833933,-0.04,-8.38
2020-07-28 23:04:25.834861,-0.04,-8.55
2020-07-28 23:04:30.840293,-0.04,-8.44
2020-07-28 23:04:35.844319,-0.04,-8.64
2020-07-28 23:04:40.846215,-0.04,-8.55
2020-07-28 23:04:45.850002,-0.04,-8.6
2020-07-28 23:04:50.856536,-0.04,-8.6
2020-07-28 23:04:55.856607,-0.04,-8.56
2020-07-28 23:05:00.862012,-0.04,-8.46
2020-07-28 23:05:05.866825,-0.04,-8.36
2020-07-28 23:05:10.870530,-0.04,-8.27
2020-07-28 23:05:15.871769,-0.04,-8.52
2020-07-28 23:05:20.876863,-0.04,-8.25
2020-07-28 23:05:25.881770,-0.04,-8.33
2020-07-28 23:05:30.882794,-0.04,-8.48
2020-07-28 23:05:35.887483,-0.04,-8.49
2020-07-28 23:05:40.893092,-0.04,-8.45
2020-07-28 23:05:45.894084,-0.04,-8.55
2020-07-28 23:05:50.899170,-0.04,-8.43
2020-07-28 23:05:55.903777,-0.04,-8.31
2020-07-28 23:06:00.907865,-0.04,-8.35
2020-07-28 23:06:05.908923,-0.04,-8.15
2020-07-28 23:06:10.914698,-0.04,-8.09
2020-07-28 23:06:15.918609,-0.04,-8.41
2020-07-28 23:06:20.921920,-0.04,-8.42
2020-07-28 23:06:25.924804,-0.04,-8.6
2020-07-28 23:06:30.929637,-0.04,-8.36
2020-07-28 23:06:35.930850,-0.04,-8.48
2020-07-28 23:06:40.936159,-0.04,-8.05
2020-07-28 23:06:45.940096,-0.04,-8.43
2020-07-28 23:06:50.944441,-0.04,-8.34
2020-07-28 23:06:55.947540,-0.04,-8.41
2020-07-28 23:07:00.951383,-0.04,-8.16
2020-07-28 23:07:05.955531,-0.04,-8.37
2020-07-28 23:07:10.957449,-0.04,-8.39
2020-07-28 23:07:15.963388,-0.04,-8.35
2020-07-28 23:07:20.966478,-0.04,-8.32
2020-07-28 23:07:25.967213,-0.04,-8.26
2020-07-28 23:07:30.973778,-0.04,-8.53
2020-07-28 23:07:35.977397,-0.04,-8.38
2020-07-28 23:07:40.978929,-0.04,-8.21
2020-07-28 23:07:45.984033,-0.04,-8.46
2020-07-28 23:07:50.988964,-0.04,-8.33
2020-07-28 23:07:55.992783,-0.04,-8.25
2020-07-28 23:08:00.994595,-0.04,-8.42
2020-07-28 23:08:05.999123,-0.04,-8.37
2020-07-28 23:08:11.003580,-0.04,-8.44
2020-07-28 23:08:16.005368,-0.04,-8.42
2020-07-28 23:08:21.010458,-0.04,-8.54
2020-07-28 23:08:26.014792,-0.04,-8.38
2020-07-28 23:08:31.017386,-0.04,-8.43
2020-07-28 23:08:36.020514,-0.04,-8.66
2020-07-28 23:08:41.026110,-0.04,-8.78
2020-07-28 23:08:46.029836,-0.04,-8.96
2020-07-28 23:08:51.030573,-0.04,-8.95
2020-07-28 23:08:56.034891,-0.04,-9.21
2020-07-28 23:09:01.041855,-0.04,-8.99
2020-07-28 23:09:06.045816,-0.04,-8.98
2020-07-28 23:09:11.047387,-0.04,-9.24
2020-07-28 23:09:16.052010,-0.04,-9.07
2020-07-28 23:09:21.055411,-0.04,-9.1
2020-07-28 23:09:26.058312,-0.04,-8.77
2020-07-28 23:09:31.062780,-0.04,-8.94
2020-07-28 23:09:36.067636,-0.04,-8.73
2020-07-28 23:09:41.068939,-0.04,-8.46
2020-07-28 23:09:46.073683,-0.04,-8.64
2020-07-28 23:09:51.079119,-0.04,-8.63
2020-07-28 23:09:56.082778,-0.04,-8.65
2020-07-28 23:10:01.085055,-0.04,-8.53
2020-07-28 23:10:06.087877,-0.04,-8.36
2020-07-28 23:10:11.093369,-0.04,-8.33
2020-07-28 23:10:16.095450,-0.04,-8.55
2020-07-28 23:10:21.100019,-0.04,-8.62
2020-07-28 23:10:26.103819,-0.04,-8.4
2020-07-28 23:10:31.106179,-0.04,-8.53
2020-07-28 23:10:36.110297,-0.04,-8.71
2020-07-28 23:10:41.116063,-0.04,-8.89
2020-07-28 23:10:46.119021,-0.04,-9.0
2020-07-28 23:10:51.122416,-0.04,-8.89
2020-07-28 23:10:56.126793,-0.04,-8.81
2020-07-28 23:11:01.131270,-0.04,-8.55
2020-07-28 23:11:06.132518,-0.04,-8.88
2020-07-28 23:11:11.137400,-0.04,-8.81
2020-07-28 23:11:16.141355,-0.04,-8.75
2020-07-28 23:11:21.142778,-0.04,-8.89
2020-07-28 23:11:26.147006,-0.04,-8.92
2020-07-28 23:11:31.152777,-0.04,-8.82
2020-07-28 23:11:36.157078,-0.04,-8.85
2020-07-28 23:11:41.159167,-0.04,-8.65
2020-07-28 23:11:46.163574,-0.04,-8.54
2020-07-28 23:11:51.167744,-0.04,-8.65
2020-07-28 23:11:56.168906,-0.04,-8.89
2020-07-28 23:12:01.174773,-0.04,-8.7
2020-07-28 23:12:06.177532,-0.04,-8.59
2020-07-28 23:12:11.179535,-0.04,-8.67
2020-07-28 23:12:16.185100,-0.04,-8.76
2020-07-28 23:12:21.190352,-0.04,-8.58
2020-07-28 23:12:26.191225,-0.04,-8.64
2020-07-28 23:12:31.196891,-0.04,-8.47
2020-07-28 23:12:36.200397,-0.04,-8.92
2020-07-28 23:12:41.204829,-0.04,-9.0
2020-07-28 23:12:46.206262,-0.04,-8.91
2020-07-28 23:12:51.211833,-0.04,-9.07
2020-07-28 23:12:56.214806,-0.04,-9.06
2020-07-28 23:13:01.217597,-0.04,-8.99
2020-07-28 23:13:06.222131,-0.04,-8.71
2020-07-28 23:13:11.226838,-0.04,-8.96
2020-07-28 23:13:16.228334,-0.04,-8.9
2020-07-28 23:13:21.232251,-0.04,-8.82
2020-07-28 23:13:26.238217,-0.04,-8.91
2020-07-28 23:13:31.241784,-0.04,-9.07
2020-07-28 23:13:36.242100,-0.04,-8.83
2020-07-28 23:13:41.250051,-0.04,-8.82
2020-07-28 23:13:46.249445,-0.04,-8.78
2020-07-28 23:13:51.256365,-0.04,-8.65
2020-07-28 23:13:56.259611,-0.04,-8.84
2020-07-28 23:14:01.262526,-0.04,-8.69
2020-07-28 23:14:06.263902,-0.04,-8.41
2020-07-28 23:14:11.271405,-0.04,-8.63
2020-07-28 23:14:16.275334,-0.04,-8.75
2020-07-28 23:14:21.280101,-0.04,-8.91
2020-07-28 23:14:26.280394,-0.04,-8.63
2020-07-28 23:14:31.285028,-0.04,-8.72
2020-07-28 23:14:36.288967,-0.04,-8.71
2020-07-28 23:14:41.292060,-0.04,-8.7
2020-07-28 23:14:46.296813,-0.04,-8.73
2020-07-28 23:14:51.300752,-0.04,-8.72
2020-07-28 23:14:56.305036,-0.04,-8.59
2020-07-28 23:15:01.307794,-0.04,-8.58
2020-07-28 23:15:06.312386,-0.04,-8.61
2020-07-28 23:15:11.316369,-0.04,-8.53
2020-07-28 23:15:16.318271,-0.04,-8.55
2020-07-28 23:15:21.322328,-0.04,-8.54
2020-07-28 23:15:26.325845,-0.04,-8.6
2020-07-28 23:15:31.331902,-0.04,-8.44
2020-07-28 23:15:36.333953,-0.04,-8.7
2020-07-28 23:15:41.337442,-0.04,-8.58
2020-07-28 23:15:46.341747,-0.04,-8.7
2020-07-28 23:15:51.344695,-0.04,-8.9
2020-07-28 23:15:56.348717,-0.04,-8.65
2020-07-28 23:16:01.352784,-0.04,-8.75
2020-07-28 23:16:06.355842,-0.04,-8.82
2020-07-28 23:16:11.360357,-0.04,-8.89
2020-07-28 23:16:16.364626,-0.04,-8.54
2020-07-28 23:16:21.365642,-0.04,-8.57
2020-07-28 23:16:26.370314,-0.04,-8.78
2020-07-28 23:16:31.375834,-0.04,-8.59
2020-07-28 23:16:36.376782,-0.04,-8.58
2020-07-28 23:16:41.381469,-0.04,-8.93
2020-07-28 23:16:46.386112,-0.04,-8.76
2020-07-28 23:16:51.391607,-0.04,-8.65
2020-07-28 23:16:56.394562,-0.04,-8.72
2020-07-28 23:17:01.396771,-0.04,-8.71
2020-07-28 23:17:06.401769,-0.04,-8.76
2020-07-28 23:17:11.403795,-0.04,-8.75
2020-07-28 23:17:16.408162,-0.04,-8.76
2020-07-28 23:17:21.412550,-0.04,-8.79
2020-07-28 23:17:26.413534,-0.04,-8.52
2020-07-28 23:17:31.418955,-0.04,-8.82
2020-07-28 23:17:36.423404,-0.04,-8.74
2020-07-28 23:17:41.424754,-0.04,-8.66
2020-07-28 23:17:46.429520,-0.04,-8.89
2020-07-28 23:17:51.435134,-0.04,-8.77
2020-07-28 23:17:56.435372,-0.04,-8.78
2020-07-28 23:18:01.440943,-0.04,-8.66
2020-07-28 23:18:06.444620,-0.04,-8.68
2020-07-28 23:18:11.449226,-0.04,-8.55
2020-07-28 23:18:16.453145,-0.04,-8.48
2020-07-28 23:18:21.454777,-0.04,-8.57
2020-07-28 23:18:26.460029,-0.04,-8.63
2020-07-28 23:18:31.461774,-0.04,-8.54
2020-07-28 23:18:36.467788,-0.04,-8.82
2020-07-28 23:18:41.471531,-0.04,-8.87
2020-07-28 23:18:46.474403,-0.04,-8.83
2020-07-28 23:18:51.476898,-0.04,-8.9
2020-07-28 23:18:56.482759,-0.04,-8.89
2020-07-28 23:19:01.486443,-0.04,-9.01
2020-07-28 23:19:06.487385,-0.04,-8.97
2020-07-28 23:19:11.492794,-0.04,-8.87
2020-07-28 23:19:16.497158,-0.04,-9.0
2020-07-28 23:19:21.499028,-0.04,-8.98
2020-07-28 23:19:26.503778,-0.04,-8.85
2020-07-28 23:19:31.507913,-0.04,-8.86
2020-07-28 23:19:36.509171,-0.04,-8.81
2020-07-28 23:19:41.513240,-0.04,-8.7
2020-07-28 23:19:46.518929,-0.04,-8.64
2020-07-28 23:19:51.524541,-0.04,-8.9
2020-07-28 23:19:56.525435,-0.04,-8.69
2020-07-28 23:20:01.531378,-0.04,-8.52
2020-07-28 23:20:06.534388,-0.04,-8.79
2020-07-28 23:20:11.536172,-0.04,-8.4
2020-07-28 23:20:16.541111,-0.04,-8.68
2020-07-28 23:20:21.544856,-0.04,-8.54
2020-07-28 23:20:26.546548,-0.04,-8.76
2020-07-28 23:20:31.552760,-0.04,-8.65
2020-07-28 23:20:36.556777,-0.04,-8.74
2020-07-28 23:20:41.560444,-0.04,-8.35
2020-07-28 23:20:46.561757,-0.04,-8.45
2020-07-28 23:20:51.567511,-0.04,-8.38
2020-07-28 23:20:56.572777,-0.04,-8.67
2020-07-28 23:21:01.575815,-0.04,-8.61
2020-07-28 23:21:06.577871,-0.04,-8.59
2020-07-28 23:21:11.582800,-0.04,-8.4
2020-07-28 23:21:16.587105,-0.04,-8.54
2020-07-28 23:21:21.588979,-0.04,-8.65
2020-07-28 23:21:26.593664,-0.04,-8.59
2020-07-28 23:21:31.597843,-0.04,-8.49
2020-07-28 23:21:36.602912,-0.04,-8.61
2020-07-28 23:21:41.603348,-0.04,-8.95
2020-07-28 23:21:46.608555,-0.04,-9.19
2020-07-28 23:21:51.614860,-0.04,-9.33
2020-07-28 23:21:56.615785,-0.04,-9.36
2020-07-28 23:22:01.620738,-0.04,-9.22
2020-07-28 23:22:06.625409,-0.04,-9.37
2020-07-28 23:22:11.627981,-0.04,-9.39
2020-07-28 23:22:16.630843,-0.04,-9.36
2020-07-28 23:22:21.634411,-0.04,-9.19
2020-07-28 23:22:26.636828,-0.04,-9.11
2020-07-28 23:22:31.643795,-0.04,-9.13
2020-07-28 23:22:36.646093,-0.04,-9.38
2020-07-28 23:22:41.646575,-0.04,-9.49
2020-07-28 23:22:46.652436,-0.04,-9.48
2020-07-28 23:22:51.657454,-0.04,-9.66
2020-07-28 23:22:56.661758,-0.04,-9.63
2020-07-28 23:23:01.662771,-0.04,-9.77
2020-07-28 23:23:06.666818,-0.04,-9.7
2020-07-28 23:23:11.673388,-0.04,-9.79
2020-07-28 23:23:16.674561,-0.04,-9.73
2020-07-28 23:23:21.677825,-0.04,-9.54
2020-07-28 23:23:26.683776,-0.04,-9.55
2020-07-28 23:23:31.686389,-0.04,-9.75
2020-07-28 23:23:36.688805,-0.04,-9.67
2020-07-28 23:23:41.694063,-0.04,-9.35
2020-07-28 23:23:46.699043,-0.04,-9.58
2020-07-28 23:23:51.699541,-0.04,-9.42
2020-07-28 23:23:56.704587,-0.04,-9.58
2020-07-28 23:24:01.708770,-0.04,-9.39
2020-07-28 23:24:06.709520,-0.04,-9.53
2020-07-28 23:24:11.716813,-0.04,-9.6
2020-07-28 23:24:16.719992,-0.04,-9.51
2020-07-28 23:24:21.721397,-0.04,-9.56
2020-07-28 23:24:26.725984,-0.04,-9.36
2020-07-28 23:24:31.733163,-0.04,-9.56
2020-07-28 23:24:36.735764,-0.04,-9.66
2020-07-28 23:24:41.737499,-0.04,-9.59
2020-07-28 23:24:46.741758,-0.04,-9.45
2020-07-28 23:24:51.747624,-0.04,-9.44
2020-07-28 23:24:56.747225,-0.04,-9.66
2020-07-28 23:25:01.752111,-0.04,-9.43
2020-07-28 23:25:06.757101,-0.04,-9.5
2020-07-28 23:25:11.759246,-0.04,-9.49
2020-07-28 23:25:16.762774,-0.04,-9.47
2020-07-28 23:25:21.767658,-0.04,-9.41
2020-07-28 23:25:26.768687,-0.04,-9.5
2020-07-28 23:25:31.774818,-0.04,-9.38
2020-07-28 23:25:36.779486,-0.04,-9.33
2020-07-28 23:25:41.782935,-0.04,-9.56
2020-07-28 23:25:46.785355,-0.04,-9.57
2020-07-28 23:25:51.789337,-0.04,-9.31
2020-07-28 23:25:56.793892,-0.04,-9.62
2020-07-28 23:26:01.796091,-0.04,-9.38
2020-07-28 23:26:06.800464,-0.04,-9.41
2020-07-28 23:26:11.806783,-0.04,-9.59
2020-07-28 23:26:16.809429,-0.04,-9.28
2020-07-28 23:26:21.810196,-0.04,-9.43
2020-07-28 23:26:26.816697,-0.04,-9.41
2020-07-28 23:26:31.821469,-0.04,-9.46
2020-07-28 23:26:36.825064,-0.04,-9.33
2020-07-28 23:26:41.827054,-0.04,-9.39
2020-07-28 23:26:46.831124,-0.04,-9.32
2020-07-28 23:26:51.837291,-0.04,-9.21
2020-07-28 23:26:56.841764,-0.04,-9.36
2020-07-28 23:27:01.843775,-0.04,-9.57
2020-07-28 23:27:06.847024,-0.04,-9.52
2020-07-28 23:27:11.848157,-0.04,-9.27
2020-07-28 23:27:16.852777,-0.04,-9.68
2020-07-28 23:27:21.858213,-0.04,-9.41
2020-07-28 23:27:26.859619,-0.04,-9.39
2020-07-28 23:27:31.863780,-0.04,-9.61
2020-07-28 23:27:36.868335,-0.04,-9.39
2020-07-28 23:27:41.873760,-0.04,-9.71
2020-07-28 23:27:46.877806,-0.04,-9.53
2020-07-28 23:27:51.879383,-0.04,-9.36
2020-07-28 23:27:56.884395,-0.04,-9.46
2020-07-28 23:28:01.885994,-0.04,-9.49
2020-07-28 23:28:06.889679,0.02,3.62
2020-07-28 23:28:11.896057,0.05,11.77
2020-07-28 23:28:16.896629,-0.0,-0.18
2020-07-28 23:28:21.901680,-0.02,-5.1
2020-07-28 23:28:26.906146,-0.02,-5.15
2020-07-28 23:28:31.910999,-0.03,-5.75
2020-07-28 23:28:36.912759,-0.02,-5.54
2020-07-28 23:28:41.917320,-0.03,-5.78
2020-07-28 23:28:46.921759,-0.02,-5.69
2020-07-28 23:28:51.925355,-0.03,-5.92
2020-07-28 23:28:56.927984,-0.03,-5.78
2020-07-28 23:29:01.932069,-0.02,-5.7
2020-07-28 23:29:06.936897,-0.03,-5.9
2020-07-28 23:29:11.938809,-0.02,-5.6
2020-07-28 23:29:16.943781,-0.02,-5.68
2020-07-28 23:29:21.947860,-0.03,-5.82
2020-07-28 23:29:26.949138,-0.02,-5.63
2020-07-28 23:29:31.954084,-0.03,-5.79
2020-07-28 23:29:36.959424,-0.02,-5.72
2020-07-28 23:29:41.963306,-0.03,-6.05
2020-07-28 23:29:46.965765,-0.02,-5.63
2020-07-28 23:29:51.969854,-0.03,-5.79
2020-07-28 23:29:56.973015,-0.03,-5.79
2020-07-28 23:30:01.975408,-0.03,-5.86
2020-07-28 23:30:06.980726,-0.02,-5.72
2020-07-28 23:30:11.984761,-0.03,-5.84
2020-07-28 23:30:16.985622,-0.03,-6.15
2020-07-28 23:30:21.989554,-0.03,-6.73
2020-07-28 23:30:26.995551,-0.03,-6.8
2020-07-28 23:30:32.000428,-0.03,-6.83
2020-07-28 23:30:37.002443,-0.03,-6.73
2020-07-28 23:30:42.006880,-0.03,-6.96
2020-07-28 23:30:47.010941,-0.03,-6.91
2020-07-28 23:30:52.011787,-0.03,-6.79
2020-07-28 23:30:57.017786,-0.03,-6.71
2020-07-28 23:31:02.022909,-0.03,-7.0
2020-07-28 23:31:07.023783,-0.03,-6.83
2020-07-28 23:31:12.027848,-0.03,-6.9
2020-07-28 23:31:17.033528,-0.03,-6.68
2020-07-28 23:31:22.034547,-0.03,-6.72
2020-07-28 23:31:27.039480,-0.03,-6.7
2020-07-28 23:31:32.043264,-0.03,-6.79
2020-07-28 23:31:37.048161,-0.03,-6.73
2020-07-28 23:31:42.048623,-0.03,-6.71
2020-07-28 23:31:47.054950,-0.03,-6.85
2020-07-28 23:31:52.059026,-0.03,-6.78
2020-07-28 23:31:57.061938,-0.03,-6.88
2020-07-28 23:32:02.065158,-0.03,-6.59
2020-07-28 23:32:07.069922,-0.03,-6.83
2020-07-28 23:32:12.072789,-0.03,-6.86
